{"stats":{"minecraft:killed_by":{"minecraft:zombie":1},"minecraft:used":{"minecraft:cooked_mutton":3,"minecraft:stone_sword":79,"minecraft:stone_pickaxe":185,"minecraft:oak_planks":1,"minecraft:chest":1,"minecraft:shield":1,"minecraft:spruce_planks":3,"minecraft:wooden_pickaxe":9,"minecraft:player_head":1,"minecraft:torch":27,"minecraft:crafting_table":8,"minecraft:white_bed":1,"minecraft:wooden_axe":22,"minecraft:stone_axe":42,"minecraft:cobblestone":8,"minecraft:written_book":1,"minecraft:furnace":5,"minecraft:cooked_porkchop":2,"minecraft:cooked_beef":3},"minecraft:killed":{"minecraft:pig":4,"minecraft:witch":1,"minecraft:creeper":1,"minecraft:sheep":8,"minecraft:skeleton":6,"minecraft:zombie":6,"minecraft:chicken":2,"minecraft:cow":4},"minecraft:custom":{"minecraft:interact_with_furnace":62,"minecraft:mob_kills":33,"minecraft:interact_with_crafting_table":18,"minecraft:play_one_minute":35878,"minecraft:leave_game":1,"minecraft:time_since_death":33239,"minecraft:time_since_rest":3084,"minecraft:sprint_one_cm":80456,"minecraft:damage_taken":828,"minecraft:walk_one_cm":59133,"minecraft:drop":1,"minecraft:damage_dealt":3915,"minecraft:talked_to_villager":1,"minecraft:fly_one_cm":89384,"minecraft:open_chest":1,"minecraft:crouch_one_cm":3080,"minecraft:deaths":1,"minecraft:sneak_time":1680,"minecraft:jump":540,"minecraft:walk_on_water_one_cm":431,"minecraft:fall_one_cm":11475},"minecraft:dropped":{"minecraft:andesite":1},"minecraft:picked_up":{"minecraft:crafting_table":6,"minecraft:feather":4,"minecraft:chicken":2,"minecraft:andesite":1,"minecraft:leather":5,"minecraft:brown_wool":1,"minecraft:flint":1,"minecraft:oak_log":49,"minecraft:gunpowder":2,"minecraft:bone":2,"minecraft:spruce_planks":1,"minecraft:beef":9,"minecraft:iron_ore":14,"minecraft:written_book":1,"minecraft:player_head":2,"minecraft:glowstone_dust":2,"minecraft:oak_planks":17,"minecraft:stick":1,"minecraft:torch":4,"minecraft:gravel":11,"minecraft:porkchop":11,"minecraft:ink_sac":4,"minecraft:spruce_log":7,"minecraft:arrow":6,"minecraft:rotten_flesh":8,"minecraft:granite":1,"minecraft:gray_wool":1,"minecraft:black_wool":2,"minecraft:mutton":13,"minecraft:coal":68,"minecraft:white_wool":4,"minecraft:cobblestone":109},"minecraft:broken":{"minecraft:stone_pickaxe":1},"minecraft:mined":{"minecraft:spruce_planks":1,"minecraft:crafting_table":6,"minecraft:granite":1,"minecraft:cobblestone":2,"minecraft:oak_planks":1,"minecraft:wall_torch":3,"minecraft:iron_ore":14,"minecraft:spruce_log":8,"minecraft:andesite":1,"minecraft:oak_log":49,"minecraft:coal_ore":68,"minecraft:gravel":12,"minecraft:stone":108,"minecraft:player_head":2,"minecraft:oak_leaves":8},"minecraft:crafted":{"minecraft:cooked_beef":9,"minecraft:oak_planks":88,"minecraft:cooked_porkchop":11,"minecraft:crafting_table":2,"minecraft:spruce_planks":28,"minecraft:wooden_pickaxe":1,"minecraft:cooked_chicken":2,"minecraft:furnace":5,"minecraft:stone_axe":1,"minecraft:cooked_mutton":13,"minecraft:air":0,"minecraft:shield":1,"minecraft:stick":20,"minecraft:iron_ingot":7,"minecraft:stone_pickaxe":2,"minecraft:wooden_axe":1,"minecraft:stone_sword":1,"minecraft:chest":1,"minecraft:white_bed":1,"minecraft:torch":24}},"DataVersion":2586}