{"stats":{"minecraft:killed_by":{"minecraft:zombie":1},"minecraft:broken":{"minecraft:stone_pickaxe":2},"minecraft:dropped":{"minecraft:wheat_seeds":1,"minecraft:rotten_flesh":2,"minecraft:glowstone_dust":2,"minecraft:granite":1,"minecraft:flint":1,"minecraft:andesite":2,"minecraft:brown_wool":1,"minecraft:stone_pickaxe":1},"minecraft:killed":{"minecraft:pig":4,"minecraft:witch":2,"minecraft:creeper":1,"minecraft:sheep":14,"minecraft:skeleton":6,"minecraft:zombie":7,"minecraft:chicken":5,"minecraft:cow":4},"minecraft:used":{"minecraft:cooked_mutton":5,"minecraft:water_bucket":10,"minecraft:stone_sword":79,"minecraft:stone_pickaxe":262,"minecraft:oak_planks":1,"minecraft:wooden_pickaxe":9,"minecraft:chest":3,"minecraft:spruce_planks":3,"minecraft:shield":1,"minecraft:iron_sword":22,"minecraft:player_head":2,"iceandfire:copper_ore":2,"minecraft:torch":50,"minecraft:dirt":1,"minecraft:crafting_table":11,"minecraft:white_bed":1,"minecraft:wooden_axe":22,"minecraft:iron_axe":15,"minecraft:iron_pickaxe":36,"minecraft:stone_axe":42,"minecraft:cobblestone":22,"minecraft:written_book":1,"minecraft:furnace":9,"minecraft:cooked_porkchop":5,"minecraft:bucket":11,"minecraft:cooked_beef":3},"minecraft:picked_up":{"minecraft:wooden_axe":1,"minecraft:crafting_table":10,"minecraft:feather":11,"minecraft:chicken":5,"iceandfire:copper_ore":2,"minecraft:andesite":2,"minecraft:brown_wool":3,"minecraft:leather":10,"minecraft:wooden_pickaxe":1,"minecraft:flint":3,"minecraft:oak_log":59,"minecraft:gunpowder":2,"minecraft:dirt":2,"minecraft:bone":4,"minecraft:wheat_seeds":1,"minecraft:spruce_planks":1,"minecraft:stone_pickaxe":1,"minecraft:beef":9,"minecraft:iron_ore":60,"minecraft:written_book":1,"minecraft:player_head":2,"minecraft:light_gray_wool":1,"minecraft:glowstone_dust":6,"minecraft:chest":1,"minecraft:oak_planks":17,"minecraft:furnace":6,"minecraft:stick":1,"minecraft:torch":5,"minecraft:gravel":22,"minecraft:porkchop":11,"minecraft:ink_sac":6,"minecraft:spruce_log":7,"minecraft:spider_eye":1,"minecraft:arrow":12,"minecraft:sugar":1,"minecraft:rotten_flesh":16,"minecraft:granite":3,"minecraft:gray_wool":2,"minecraft:black_wool":4,"minecraft:mutton":22,"minecraft:coal":145,"minecraft:white_wool":10,"minecraft:cobblestone":148},"minecraft:mined":{"minecraft:spruce_planks":1,"minecraft:crafting_table":10,"minecraft:granite":2,"minecraft:grass_block":2,"minecraft:chest":1,"minecraft:cobblestone":8,"minecraft:oak_planks":1,"minecraft:wall_torch":3,"minecraft:furnace":6,"iceandfire:copper_ore":2,"minecraft:iron_ore":60,"minecraft:spruce_log":8,"minecraft:andesite":1,"minecraft:oak_log":59,"minecraft:coal_ore":96,"minecraft:gravel":12,"minecraft:dirt":2,"minecraft:stone":132,"minecraft:player_head":2,"minecraft:oak_leaves":8},"minecraft:crafted":{"minecraft:cooked_beef":9,"minecraft:oak_planks":88,"minecraft:cooked_porkchop":11,"minecraft:crafting_table":3,"minecraft:spruce_planks":28,"minecraft:wooden_pickaxe":1,"minecraft:iron_helmet":1,"minecraft:cooked_chicken":2,"minecraft:iron_sword":1,"minecraft:furnace":7,"minecraft:bucket":1,"minecraft:stone_axe":1,"minecraft:cooked_mutton":13,"minecraft:air":0,"minecraft:iron_boots":1,"minecraft:iron_chestplate":1,"minecraft:shield":1,"minecraft:iron_axe":1,"minecraft:stick":56,"minecraft:iron_ingot":60,"minecraft:iron_pickaxe":1,"minecraft:stone_pickaxe":2,"minecraft:wooden_axe":1,"minecraft:stone_sword":1,"minecraft:chest":2,"minecraft:iron_leggings":1,"minecraft:white_bed":1,"minecraft:torch":48},"minecraft:custom":{"minecraft:interact_with_furnace":128,"minecraft:mob_kills":44,"minecraft:interact_with_crafting_table":40,"minecraft:play_one_minute":64917,"minecraft:leave_game":2,"minecraft:time_since_death":62278,"minecraft:climb_one_cm":747,"minecraft:time_since_rest":12192,"minecraft:sprint_one_cm":167060,"minecraft:damage_taken":1038,"minecraft:walk_one_cm":91824,"minecraft:drop":9,"minecraft:damage_dealt":5068,"minecraft:swim_one_cm":3555,"minecraft:talked_to_villager":1,"minecraft:fly_one_cm":216457,"minecraft:open_chest":5,"minecraft:crouch_one_cm":6512,"minecraft:sneak_time":3423,"minecraft:deaths":1,"minecraft:walk_under_water_one_cm":3428,"minecraft:jump":1169,"minecraft:walk_on_water_one_cm":13313,"minecraft:fall_one_cm":29053}},"DataVersion":2586}