{"stats":{"minecraft:killed_by":{"minecraft:zombie":1},"minecraft:used":{"minecraft:wooden_axe":22,"minecraft:stone_sword":32,"minecraft:stone_pickaxe":59,"minecraft:wooden_pickaxe":9,"minecraft:player_head":1,"minecraft:stone_axe":12,"minecraft:written_book":1,"minecraft:crafting_table":6,"minecraft:furnace":3},"minecraft:killed":{"minecraft:sheep":4,"minecraft:skeleton":1,"minecraft:zombie":4,"minecraft:pig":4,"minecraft:cow":4},"minecraft:custom":{"minecraft:time_since_rest":3129,"minecraft:interact_with_furnace":1,"minecraft:sprint_one_cm":20763,"minecraft:damage_taken":298,"minecraft:walk_one_cm":24950,"minecraft:mob_kills":18,"minecraft:damage_dealt":1656,"minecraft:interact_with_crafting_table":7,"minecraft:talked_to_villager":1,"minecraft:fly_one_cm":21646,"minecraft:play_one_minute":17878,"minecraft:crouch_one_cm":611,"minecraft:deaths":1,"minecraft:sneak_time":185,"minecraft:jump":157,"minecraft:walk_on_water_one_cm":51,"minecraft:leave_game":1,"minecraft:time_since_death":15239,"minecraft:fall_one_cm":2744},"minecraft:picked_up":{"minecraft:stick":1,"minecraft:crafting_table":5,"minecraft:brown_wool":1,"minecraft:leather":5,"minecraft:porkchop":11,"minecraft:oak_log":22,"minecraft:ink_sac":4,"minecraft:spruce_log":7,"minecraft:arrow":1,"minecraft:rotten_flesh":5,"minecraft:beef":9,"minecraft:gray_wool":1,"minecraft:player_head":2,"minecraft:written_book":1,"minecraft:coal":34,"minecraft:black_wool":1,"minecraft:mutton":6,"minecraft:oak_planks":16,"minecraft:white_wool":1,"minecraft:cobblestone":33},"minecraft:mined":{"minecraft:spruce_log":8,"minecraft:crafting_table":5,"minecraft:coal_ore":34,"minecraft:oak_log":22,"minecraft:stone":34,"minecraft:player_head":2,"minecraft:oak_leaves":5},"minecraft:crafted":{"minecraft:oak_planks":88,"minecraft:crafting_table":1,"minecraft:spruce_planks":28,"minecraft:stick":16,"minecraft:wooden_pickaxe":1,"minecraft:wooden_axe":1,"minecraft:stone_pickaxe":1,"minecraft:stone_sword":1,"minecraft:furnace":3,"minecraft:stone_axe":1}},"DataVersion":2586}