{"stats":{"minecraft:killed_by":{"minecraft:zombie":1},"minecraft:used":{"minecraft:cooked_mutton":3,"minecraft:water_bucket":3,"minecraft:stone_sword":79,"minecraft:stone_pickaxe":209,"minecraft:oak_planks":1,"minecraft:chest":2,"minecraft:shield":1,"minecraft:spruce_planks":3,"minecraft:wooden_pickaxe":9,"minecraft:iron_sword":13,"minecraft:player_head":1,"minecraft:torch":32,"minecraft:crafting_table":9,"minecraft:white_bed":1,"minecraft:wooden_axe":22,"minecraft:iron_axe":8,"minecraft:iron_pickaxe":2,"minecraft:stone_axe":42,"minecraft:cobblestone":9,"minecraft:written_book":1,"minecraft:furnace":5,"minecraft:cooked_porkchop":3,"minecraft:bucket":4,"minecraft:cooked_beef":3},"minecraft:killed":{"minecraft:pig":4,"minecraft:witch":2,"minecraft:creeper":1,"minecraft:sheep":14,"minecraft:skeleton":6,"minecraft:zombie":6,"minecraft:chicken":2,"minecraft:cow":4},"minecraft:custom":{"minecraft:interact_with_furnace":85,"minecraft:mob_kills":40,"minecraft:interact_with_crafting_table":30,"minecraft:play_one_minute":44755,"minecraft:leave_game":2,"minecraft:time_since_death":42116,"minecraft:climb_one_cm":747,"minecraft:time_since_rest":11961,"minecraft:sprint_one_cm":113463,"minecraft:damage_taken":838,"minecraft:walk_one_cm":66773,"minecraft:drop":4,"minecraft:damage_dealt":4695,"minecraft:swim_one_cm":90,"minecraft:talked_to_villager":1,"minecraft:fly_one_cm":125713,"minecraft:open_chest":4,"minecraft:crouch_one_cm":3379,"minecraft:deaths":1,"minecraft:sneak_time":1835,"minecraft:walk_under_water_one_cm":212,"minecraft:jump":759,"minecraft:walk_on_water_one_cm":4471,"minecraft:fall_one_cm":16153},"minecraft:dropped":{"minecraft:glowstone_dust":2,"minecraft:flint":1,"minecraft:andesite":1,"minecraft:brown_wool":1},"minecraft:picked_up":{"minecraft:wooden_axe":1,"minecraft:crafting_table":8,"minecraft:feather":8,"minecraft:chicken":2,"minecraft:andesite":1,"minecraft:leather":10,"minecraft:brown_wool":3,"minecraft:wooden_pickaxe":1,"minecraft:flint":3,"minecraft:oak_log":54,"minecraft:gunpowder":2,"minecraft:bone":4,"minecraft:spruce_planks":1,"minecraft:beef":9,"minecraft:iron_ore":20,"minecraft:written_book":1,"minecraft:player_head":2,"minecraft:light_gray_wool":1,"minecraft:glowstone_dust":6,"minecraft:chest":1,"minecraft:oak_planks":17,"minecraft:furnace":2,"minecraft:stick":1,"minecraft:torch":4,"minecraft:gravel":22,"minecraft:porkchop":11,"minecraft:ink_sac":6,"minecraft:spruce_log":7,"minecraft:spider_eye":1,"minecraft:sugar":1,"minecraft:arrow":12,"minecraft:rotten_flesh":14,"minecraft:granite":2,"minecraft:gray_wool":2,"minecraft:black_wool":4,"minecraft:mutton":22,"minecraft:coal":84,"minecraft:white_wool":10,"minecraft:cobblestone":114},"minecraft:broken":{"minecraft:stone_pickaxe":1},"minecraft:mined":{"minecraft:spruce_planks":1,"minecraft:crafting_table":8,"minecraft:granite":1,"minecraft:chest":1,"minecraft:cobblestone":7,"minecraft:oak_planks":1,"minecraft:wall_torch":3,"minecraft:furnace":2,"minecraft:iron_ore":20,"minecraft:spruce_log":8,"minecraft:andesite":1,"minecraft:oak_log":54,"minecraft:coal_ore":81,"minecraft:gravel":12,"minecraft:stone":108,"minecraft:player_head":2,"minecraft:oak_leaves":8},"minecraft:crafted":{"minecraft:cooked_beef":9,"minecraft:oak_planks":88,"minecraft:cooked_porkchop":11,"minecraft:crafting_table":3,"minecraft:spruce_planks":28,"minecraft:wooden_pickaxe":1,"minecraft:cooked_chicken":2,"minecraft:iron_sword":1,"minecraft:furnace":5,"minecraft:bucket":1,"minecraft:stone_axe":1,"minecraft:cooked_mutton":13,"minecraft:air":0,"minecraft:iron_chestplate":1,"minecraft:shield":1,"minecraft:iron_axe":1,"minecraft:stick":24,"minecraft:iron_ingot":20,"minecraft:iron_pickaxe":1,"minecraft:stone_pickaxe":2,"minecraft:wooden_axe":1,"minecraft:stone_sword":1,"minecraft:chest":1,"minecraft:white_bed":1,"minecraft:torch":36}},"DataVersion":2586}