{"stats":{"minecraft:killed_by":{"minecraft:zombie":1},"minecraft:used":{"minecraft:wooden_axe":14,"minecraft:written_book":1,"minecraft:crafting_table":1,"minecraft:player_head":1},"minecraft:killed":{"minecraft:zombie":1},"minecraft:custom":{"minecraft:time_since_rest":3325,"minecraft:play_one_minute":5878,"minecraft:damage_taken":258,"minecraft:sprint_one_cm":3515,"minecraft:deaths":1,"minecraft:walk_one_cm":7530,"minecraft:sneak_time":1,"minecraft:mob_kills":2,"minecraft:jump":20,"minecraft:damage_dealt":46,"minecraft:leave_game":1,"minecraft:time_since_death":3239,"minecraft:walk_on_water_one_cm":51,"minecraft:interact_with_crafting_table":2,"minecraft:fall_one_cm":209,"minecraft:fly_one_cm":3439},"minecraft:picked_up":{"minecraft:crafting_table":1,"minecraft:rotten_flesh":4,"minecraft:oak_log":17,"minecraft:written_book":1,"minecraft:player_head":2,"minecraft:ink_sac":4,"minecraft:oak_planks":16},"minecraft:crafted":{"minecraft:oak_planks":40,"minecraft:crafting_table":1,"minecraft:stick":8,"minecraft:wooden_pickaxe":1,"minecraft:wooden_axe":1},"minecraft:mined":{"minecraft:oak_log":17,"minecraft:player_head":2,"minecraft:crafting_table":1,"minecraft:oak_leaves":4}},"DataVersion":2586}