{"stats":{"minecraft:killed_by":{"minecraft:enderman":1,"iceandfire:stymphalian_bird":1,"minecraft:skeleton":1,"iceandfire:lightning_dragon":1},"minecraft:used":{"minecraft:flint_and_steel":7,"minecraft:stone_shovel":18,"minecraft:shield":29,"iceandfire:copper_ore":1,"minecraft:rotten_flesh":11,"minecraft:torch":36,"minecraft:dirt":74,"iceandfire:pixie_dust":1,"minecraft:nether_bricks":1,"minecraft:granite":5,"minecraft:snowball":1,"minecraft:obsidian":107,"iceandfire:crackled_gravel":1,"minecraft:written_book":5,"minecraft:oak_sapling":1,"minecraft:furnace":1,"minecraft:cooked_beef":5,"minecraft:cooked_mutton":10,"minecraft:diorite":9,"minecraft:stone_pickaxe":129,"minecraft:blue_bed":1,"minecraft:sand":12,"minecraft:crafting_table":7,"minecraft:melon_slice":7,"minecraft:bread":1,"minecraft:iron_pickaxe":434,"minecraft:gravel":4,"minecraft:stone_axe":30,"minecraft:andesite":18},"minecraft:killed":{"minecraft:skeleton":4,"minecraft:bat":1,"minecraft:sheep":1,"minecraft:zombie":7,"minecraft:cow":1},"minecraft:custom":{"minecraft:mob_kills":14,"minecraft:interact_with_crafting_table":14,"minecraft:leave_game":18,"minecraft:time_since_death":1200,"minecraft:climb_one_cm":1431,"minecraft:sprint_one_cm":379691,"minecraft:walk_one_cm":296728,"minecraft:drop":33,"minecraft:talked_to_villager":1,"minecraft:deaths":11,"minecraft:sneak_time":18908,"minecraft:walk_under_water_one_cm":1487,"minecraft:boat_one_cm":110579,"minecraft:jump":2490,"minecraft:walk_on_water_one_cm":12390,"minecraft:enchant_item":2,"minecraft:interact_with_furnace":25,"minecraft:play_one_minute":338817,"minecraft:sleep_in_bed":2,"minecraft:time_since_rest":1531,"minecraft:damage_taken":3859,"minecraft:damage_dealt":3623,"minecraft:swim_one_cm":8743,"minecraft:fly_one_cm":1873704,"minecraft:open_chest":21,"minecraft:crouch_one_cm":30875,"minecraft:fall_one_cm":54025,"minecraft:horse_one_cm":2193},"minecraft:dropped":{"minecraft:gold_ore":15,"minecraft:iron_ingot":14,"minecraft:wheat_seeds":4,"minecraft:lapis_lazuli":60,"minecraft:diamond":2,"iceandfire:copper_nugget":4,"minecraft:mutton":1,"iceandfire:armor_copper_metal_boots":1,"minecraft:iron_pickaxe":2,"iceandfire:amythest_gem":11,"iceandfire:dragonbone":2,"iceandfire:fire_lily":1,"iceandfire:crackled_gravel":1,"minecraft:iron_chestplate":2,"minecraft:andesite":5,"iceandfire:bestiary":4,"iceandfire:frost_lily":1,"iceandfire:chared_grass":1,"minecraft:written_book":2},"minecraft:picked_up":{"iceandfire:copper_ingot":4,"minecraft:crafting_table":8,"minecraft:iron_chestplate":3,"minecraft:redstone_block":21,"iceandfire:copper_ore":3,"iceandfire:fire_lily":2,"minecraft:chain":4,"minecraft:shield":1,"iceandfire:manuscript":12,"minecraft:flint_and_steel":1,"minecraft:iron_leggings":2,"iceandfire:amythest_gem":13,"iceandfire:bestiary":3,"minecraft:gold_nugget":14,"iceandfire:frost_lily":2,"minecraft:beef":3,"minecraft:written_book":2,"minecraft:iron_pickaxe":4,"minecraft:coal_block":33,"minecraft:melon_slice":9,"minecraft:chest":32,"minecraft:iron_boots":2,"minecraft:furnace":13,"minecraft:stick":2,"iceandfire:dragonbone":8,"iceandfire:chared_grass":1,"minecraft:torch":10,"iceandfire:silver_ore":10,"iceandfire:crackled_gravel":2,"minecraft:diorite":9,"iceandfire:armor_copper_metal_boots":1,"minecraft:redstone":205,"minecraft:golden_chestplate":1,"iceandfire:silver_ingot":20,"minecraft:stone_sword":2,"minecraft:arrow":10,"minecraft:rotten_flesh":15,"minecraft:stone_shovel":1,"minecraft:hay_block":12,"minecraft:gold_ingot":16,"minecraft:obsidian":2,"minecraft:mutton":1,"minecraft:rail":4,"minecraft:snowball":2,"minecraft:white_wool":4,"minecraft:cobblestone":247,"minecraft:cooked_beef":5,"minecraft:andesite":29,"minecraft:leather":6,"minecraft:flint":2,"minecraft:oak_log":10,"iceandfire:armor_copper_metal_helmet":1,"minecraft:dirt":74,"minecraft:lapis_lazuli":71,"minecraft:blue_bed":3,"minecraft:cooked_mutton":10,"minecraft:bone":78,"minecraft:wheat_seeds":4,"minecraft:iron_ingot":61,"minecraft:cobweb":18,"minecraft:iron_ore":54,"minecraft:oak_planks":22,"minecraft:book":2,"iceandfire:copper_nugget":15,"minecraft:gravel":4,"minecraft:sand":9,"iceandfire:stymphalian_bird_feather":24,"minecraft:gold_ore":23,"minecraft:diamond":4,"minecraft:stone_axe":1,"minecraft:iron_helmet":1,"minecraft:granite":39,"minecraft:oak_sapling":1,"minecraft:netherrack":14,"minecraft:coal":515},"minecraft:broken":{"minecraft:stone_pickaxe":1,"minecraft:stone_axe":1,"minecraft:iron_pickaxe":1,"minecraft:stone_shovel":1},"minecraft:mined":{"iceandfire:silver_ore":10,"iceandfire:copper_pile":1,"minecraft:granite":3,"minecraft:grass_block":30,"iceandfire:chared_grass":1,"minecraft:redstone_ore":46,"minecraft:furnace":7,"iceandfire:copper_ore":3,"minecraft:iron_ore":48,"minecraft:fire":1,"minecraft:andesite":11,"iceandfire:frost_lily":1,"minecraft:stone":110,"minecraft:player_head":1,"minecraft:crafting_table":7,"minecraft:melon":2,"minecraft:chest":16,"iceandfire:fire_lily":1,"minecraft:tall_grass":2,"minecraft:lapis_ore":4,"minecraft:diorite":7,"minecraft:blue_bed":2,"minecraft:wall_torch":2,"minecraft:birch_leaves":1,"minecraft:grass":15,"minecraft:oak_log":4,"minecraft:coal_ore":293,"minecraft:sand":3,"minecraft:dirt":40,"minecraft:netherrack":7,"minecraft:gold_ore":6,"minecraft:oak_leaves":2},"minecraft:crafted":{"minecraft:oak_planks":40,"minecraft:stone_pickaxe":1,"minecraft:redstone_block":21,"minecraft:coal_block":33,"iceandfire:copper_ingot":3,"minecraft:crafting_table":1,"minecraft:iron_helmet":1,"minecraft:iron_chestplate":1,"minecraft:shield":1,"minecraft:stick":16,"minecraft:iron_pickaxe":3,"iceandfire:gold_pile":7,"minecraft:torch":40}},"DataVersion":2586}