{"stats":{"minecraft:killed_by":{"iceandfire:lightning_dragon":1,"minecraft:enderman":1,"iceandfire:stymphalian_bird":1},"minecraft:used":{"minecraft:cooked_mutton":10,"minecraft:flint_and_steel":7,"minecraft:stone_shovel":18,"minecraft:stone_pickaxe":20,"minecraft:shield":1,"minecraft:blue_bed":1,"minecraft:rotten_flesh":4,"minecraft:dirt":24,"minecraft:sand":3,"iceandfire:pixie_dust":1,"minecraft:crafting_table":5,"minecraft:nether_bricks":1,"minecraft:snowball":1,"minecraft:obsidian":107,"iceandfire:crackled_gravel":1,"minecraft:bread":1,"minecraft:iron_pickaxe":7,"minecraft:written_book":5,"minecraft:oak_sapling":1,"minecraft:cooked_beef":1},"minecraft:killed":{"minecraft:sheep":1,"minecraft:zombie":2,"minecraft:cow":1},"minecraft:custom":{"minecraft:interact_with_furnace":2,"minecraft:mob_kills":3,"minecraft:interact_with_crafting_table":9,"minecraft:play_one_minute":277357,"minecraft:leave_game":17,"minecraft:time_since_death":59805,"minecraft:sleep_in_bed":2,"minecraft:climb_one_cm":1431,"minecraft:time_since_rest":8658,"minecraft:sprint_one_cm":282539,"minecraft:damage_taken":3177,"minecraft:walk_one_cm":207482,"minecraft:drop":26,"minecraft:damage_dealt":663,"minecraft:swim_one_cm":8595,"minecraft:talked_to_villager":1,"minecraft:fly_one_cm":1826630,"minecraft:open_chest":20,"minecraft:crouch_one_cm":15989,"minecraft:deaths":10,"minecraft:sneak_time":9760,"minecraft:walk_under_water_one_cm":1262,"minecraft:boat_one_cm":110579,"minecraft:jump":1928,"minecraft:walk_on_water_one_cm":8637,"minecraft:fall_one_cm":48027,"minecraft:horse_one_cm":2193},"minecraft:picked_up":{"minecraft:iron_chestplate":2,"minecraft:crafting_table":5,"minecraft:cooked_beef":5,"minecraft:andesite":11,"iceandfire:fire_lily":2,"minecraft:leather":3,"minecraft:oak_log":4,"minecraft:chain":4,"iceandfire:armor_copper_metal_helmet":1,"iceandfire:manuscript":11,"minecraft:blue_bed":2,"minecraft:dirt":64,"minecraft:flint_and_steel":1,"minecraft:iron_leggings":1,"minecraft:cooked_mutton":10,"minecraft:bone":30,"iceandfire:amythest_gem":10,"iceandfire:bestiary":3,"minecraft:wheat_seeds":4,"minecraft:gold_nugget":14,"iceandfire:frost_lily":2,"minecraft:beef":3,"minecraft:iron_ingot":31,"minecraft:cobweb":18,"minecraft:written_book":1,"minecraft:iron_pickaxe":1,"minecraft:melon_slice":8,"minecraft:chest":16,"minecraft:iron_boots":1,"minecraft:book":2,"iceandfire:copper_nugget":15,"iceandfire:dragonbone":5,"iceandfire:chared_grass":1,"minecraft:sand":9,"iceandfire:crackled_gravel":2,"iceandfire:stymphalian_bird_feather":24,"iceandfire:armor_copper_metal_boots":1,"minecraft:golden_chestplate":1,"minecraft:stone_sword":1,"minecraft:arrow":1,"minecraft:stone_shovel":1,"minecraft:rotten_flesh":7,"minecraft:diamond":2,"minecraft:stone_axe":1,"minecraft:hay_block":6,"minecraft:oak_sapling":1,"minecraft:netherrack":7,"minecraft:mutton":1,"minecraft:obsidian":2,"minecraft:snowball":2,"minecraft:white_wool":2,"minecraft:cobblestone":21},"minecraft:dropped":{"minecraft:iron_ingot":14,"minecraft:wheat_seeds":4,"minecraft:diamond":2,"iceandfire:fire_lily":1,"iceandfire:crackled_gravel":1,"iceandfire:copper_nugget":4,"minecraft:iron_chestplate":2,"minecraft:andesite":5,"minecraft:mutton":1,"iceandfire:armor_copper_metal_boots":1,"iceandfire:bestiary":4,"iceandfire:frost_lily":1,"minecraft:iron_pickaxe":1,"iceandfire:chared_grass":1,"minecraft:written_book":1,"iceandfire:dragonbone":2,"iceandfire:amythest_gem":11},"minecraft:broken":{"minecraft:stone_shovel":1},"minecraft:mined":{"iceandfire:copper_pile":1,"minecraft:crafting_table":5,"minecraft:grass_block":30,"minecraft:melon":2,"minecraft:chest":16,"iceandfire:fire_lily":1,"minecraft:tall_grass":2,"minecraft:blue_bed":2,"iceandfire:chared_grass":1,"minecraft:fire":1,"minecraft:andesite":3,"minecraft:birch_leaves":1,"minecraft:grass":15,"minecraft:oak_log":4,"minecraft:sand":3,"minecraft:dirt":30,"iceandfire:frost_lily":1,"minecraft:stone":9,"minecraft:netherrack":7,"minecraft:oak_leaves":2},"minecraft:crafted":{"iceandfire:copper_ingot":3,"minecraft:oak_planks":16,"minecraft:crafting_table":1,"minecraft:iron_helmet":1,"minecraft:iron_chestplate":1,"minecraft:shield":1,"minecraft:stick":4,"minecraft:iron_pickaxe":1,"minecraft:stone_pickaxe":1,"iceandfire:gold_pile":7}},"DataVersion":2586}