{"stats":{"minecraft:used":{"minecraft:nether_bricks":1,"minecraft:sand":3,"minecraft:flint_and_steel":3,"minecraft:written_book":5,"minecraft:obsidian":41},"minecraft:custom":{"minecraft:jump":177,"minecraft:time_since_rest":23228,"minecraft:damage_dealt":285,"minecraft:damage_taken":515,"minecraft:play_one_minute":110787,"minecraft:crouch_one_cm":3734,"minecraft:leave_game":8,"minecraft:time_since_death":23198,"minecraft:sprint_one_cm":30843,"minecraft:walk_one_cm":45582,"minecraft:walk_on_water_one_cm":336,"minecraft:deaths":4,"minecraft:sneak_time":3213,"minecraft:fly_one_cm":1033731,"minecraft:fall_one_cm":2471},"minecraft:killed_by":{"minecraft:enderman":1}},"DataVersion":2586}