{"stats":{"minecraft:broken":{"minecraft:stone_pickaxe":1,"minecraft:stone_axe":1,"minecraft:iron_pickaxe":1,"minecraft:stone_shovel":1},"minecraft:killed_by":{"minecraft:creeper":1,"minecraft:enderman":1,"iceandfire:stymphalian_bird":1,"minecraft:skeleton":1,"iceandfire:lightning_dragon":1},"minecraft:dropped":{"minecraft:gold_ore":15,"minecraft:iron_ingot":14,"minecraft:wheat_seeds":4,"minecraft:lapis_lazuli":60,"minecraft:diamond":2,"minecraft:cobblestone":3,"minecraft:granite":4,"minecraft:grass_block":1,"minecraft:rail":2,"iceandfire:copper_nugget":4,"minecraft:mutton":1,"iceandfire:armor_copper_metal_boots":1,"minecraft:iron_pickaxe":2,"minecraft:white_wool":1,"iceandfire:dragonbone":2,"iceandfire:amythest_gem":11,"minecraft:oak_planks":2,"iceandfire:fire_lily":1,"iceandfire:crackled_gravel":1,"minecraft:iron_chestplate":2,"minecraft:andesite":6,"iceandfire:bestiary":4,"iceandfire:frost_lily":1,"iceandfire:chared_grass":1,"minecraft:written_book":3},"minecraft:killed":{"minecraft:skeleton":5,"minecraft:bat":1,"minecraft:sheep":2,"minecraft:zombie":11,"minecraft:cow":1},"minecraft:used":{"minecraft:flint_and_steel":7,"minecraft:stone_shovel":18,"minecraft:shield":38,"iceandfire:copper_ore":2,"minecraft:rotten_flesh":17,"minecraft:torch":37,"minecraft:dirt":79,"minecraft:mutton":1,"iceandfire:pixie_dust":1,"minecraft:nether_bricks":1,"minecraft:snowball":1,"minecraft:granite":23,"minecraft:obsidian":107,"iceandfire:crackled_gravel":1,"minecraft:written_book":5,"minecraft:oak_sapling":1,"minecraft:furnace":1,"minecraft:cooked_beef":5,"minecraft:cooked_mutton":10,"minecraft:diorite":9,"minecraft:stone_pickaxe":129,"minecraft:blue_bed":3,"minecraft:sand":12,"minecraft:rail":3,"minecraft:crafting_table":7,"minecraft:bread":1,"minecraft:melon_slice":8,"minecraft:iron_pickaxe":529,"minecraft:gravel":4,"minecraft:stone_axe":30,"minecraft:cobblestone":3,"minecraft:andesite":19},"minecraft:picked_up":{"iceandfire:copper_ingot":6,"minecraft:crafting_table":9,"minecraft:iron_chestplate":4,"minecraft:redstone_block":42,"iceandfire:copper_ore":5,"iceandfire:fire_lily":2,"minecraft:chain":4,"minecraft:shield":2,"iceandfire:manuscript":13,"minecraft:flint_and_steel":1,"minecraft:iron_leggings":3,"iceandfire:amythest_gem":16,"iceandfire:bestiary":3,"minecraft:gold_nugget":14,"iceandfire:frost_lily":2,"minecraft:beef":3,"minecraft:written_book":3,"minecraft:iron_pickaxe":6,"minecraft:melon_slice":9,"minecraft:coal_block":66,"minecraft:chest":48,"minecraft:iron_boots":3,"minecraft:furnace":19,"minecraft:stick":2,"iceandfire:dragonbone":11,"iceandfire:chared_grass":1,"minecraft:torch":17,"iceandfire:silver_ore":10,"iceandfire:crackled_gravel":2,"minecraft:diorite":9,"iceandfire:armor_copper_metal_boots":1,"minecraft:redstone":243,"minecraft:golden_chestplate":1,"minecraft:stone_sword":3,"iceandfire:silver_ingot":30,"minecraft:arrow":15,"minecraft:rotten_flesh":24,"minecraft:stone_shovel":1,"minecraft:hay_block":18,"minecraft:gold_ingot":24,"minecraft:obsidian":2,"minecraft:mutton":2,"minecraft:rail":9,"minecraft:snowball":2,"minecraft:white_wool":7,"minecraft:cobblestone":381,"minecraft:cooked_beef":5,"minecraft:andesite":31,"minecraft:leather":9,"minecraft:flint":4,"minecraft:oak_log":10,"iceandfire:armor_copper_metal_helmet":1,"minecraft:dirt":81,"minecraft:lapis_lazuli":75,"minecraft:blue_bed":6,"minecraft:cooked_mutton":10,"minecraft:bone":121,"minecraft:wheat_seeds":4,"minecraft:iron_ingot":77,"minecraft:cobweb":18,"minecraft:iron_ore":102,"minecraft:oak_planks":46,"minecraft:book":2,"iceandfire:copper_nugget":15,"minecraft:gravel":4,"minecraft:sand":9,"iceandfire:stymphalian_bird_feather":24,"minecraft:grass_block":1,"minecraft:gold_ore":31,"minecraft:diamond":5,"minecraft:stone_axe":1,"minecraft:iron_helmet":2,"minecraft:granite":60,"minecraft:oak_sapling":1,"minecraft:netherrack":21,"minecraft:coal":543},"minecraft:mined":{"iceandfire:silver_ore":10,"iceandfire:copper_pile":1,"minecraft:granite":4,"minecraft:grass_block":30,"iceandfire:chared_grass":1,"minecraft:redstone_ore":49,"minecraft:furnace":7,"iceandfire:copper_ore":4,"minecraft:iron_ore":85,"minecraft:fire":1,"minecraft:andesite":13,"iceandfire:frost_lily":1,"minecraft:stone":119,"minecraft:player_head":2,"minecraft:crafting_table":7,"minecraft:melon":2,"minecraft:chest":16,"iceandfire:fire_lily":1,"minecraft:tall_grass":2,"minecraft:cobblestone":3,"minecraft:lapis_ore":4,"minecraft:diorite":7,"minecraft:blue_bed":4,"minecraft:wall_torch":2,"minecraft:birch_leaves":1,"minecraft:grass":15,"minecraft:oak_log":4,"minecraft:coal_ore":314,"minecraft:sand":3,"minecraft:dirt":49,"minecraft:netherrack":7,"minecraft:gold_ore":15,"minecraft:oak_leaves":3},"minecraft:crafted":{"minecraft:oak_planks":40,"minecraft:stone_pickaxe":1,"minecraft:redstone_block":21,"minecraft:coal_block":33,"iceandfire:copper_ingot":3,"minecraft:crafting_table":1,"minecraft:iron_helmet":1,"minecraft:iron_chestplate":1,"minecraft:shield":1,"minecraft:stick":16,"minecraft:iron_pickaxe":3,"iceandfire:gold_pile":7,"minecraft:torch":40},"minecraft:custom":{"minecraft:mob_kills":26,"minecraft:interact_with_crafting_table":14,"minecraft:leave_game":20,"minecraft:time_since_death":35896,"minecraft:climb_one_cm":1431,"minecraft:sprint_one_cm":415832,"minecraft:walk_one_cm":339572,"minecraft:drop":41,"minecraft:talked_to_villager":1,"minecraft:deaths":12,"minecraft:sneak_time":21097,"minecraft:walk_under_water_one_cm":2424,"minecraft:boat_one_cm":110579,"minecraft:jump":2827,"minecraft:walk_on_water_one_cm":16406,"minecraft:enchant_item":2,"minecraft:interact_with_furnace":25,"minecraft:play_one_minute":379255,"minecraft:sleep_in_bed":3,"minecraft:time_since_rest":2529,"minecraft:damage_taken":4411,"minecraft:damage_dealt":5273,"minecraft:swim_one_cm":9351,"minecraft:fly_one_cm":1895324,"minecraft:open_chest":21,"minecraft:crouch_one_cm":33897,"minecraft:fall_one_cm":58632,"minecraft:horse_one_cm":2193}},"DataVersion":2586}