{"stats":{"minecraft:killed_by":{"minecraft:creeper":1,"minecraft:enderman":1,"iceandfire:stymphalian_bird":1,"minecraft:vindicator":2,"minecraft:skeleton":1,"iceandfire:lightning_dragon":1},"minecraft:broken":{"minecraft:golden_helmet":1,"minecraft:stone_sword":1,"minecraft:iron_boots":1,"minecraft:iron_chestplate":1,"minecraft:iron_leggings":1,"minecraft:stone_pickaxe":1,"minecraft:shield":1,"minecraft:stone_axe":1,"minecraft:iron_pickaxe":2,"minecraft:iron_helmet":1,"minecraft:stone_shovel":1,"iceandfire:armor_copper_metal_boots":1,"minecraft:golden_chestplate":1,"iceandfire:armor_copper_metal_helmet":1},"minecraft:dropped":{"minecraft:gold_ore":15,"minecraft:iron_ingot":14,"minecraft:wheat_seeds":4,"minecraft:lapis_lazuli":60,"minecraft:diamond":2,"minecraft:cobblestone":14,"minecraft:granite":4,"minecraft:rail":2,"minecraft:grass_block":1,"iceandfire:copper_nugget":4,"minecraft:mutton":1,"iceandfire:armor_copper_metal_boots":1,"minecraft:iron_pickaxe":2,"minecraft:white_wool":1,"iceandfire:amythest_gem":11,"iceandfire:dragonbone":2,"minecraft:stone_sword":1,"minecraft:oak_planks":2,"iceandfire:fire_lily":1,"iceandfire:crackled_gravel":1,"minecraft:iron_chestplate":2,"minecraft:andesite":58,"iceandfire:bestiary":4,"iceandfire:frost_lily":1,"iceandfire:chared_grass":1,"minecraft:written_book":3},"minecraft:killed":{"minecraft:witch":3,"minecraft:skeleton":8,"minecraft:pig":3,"minecraft:bat":1,"minecraft:sheep":2,"minecraft:pillager":10,"minecraft:zombie":11,"minecraft:cow":3},"minecraft:used":{"minecraft:stone_sword":77,"minecraft:flint_and_steel":7,"minecraft:stone_shovel":18,"minecraft:chest":2,"minecraft:shield":55,"minecraft:player_head":1,"iceandfire:copper_ore":2,"minecraft:rotten_flesh":22,"minecraft:torch":37,"iceandfire:frost_lily":1,"minecraft:dirt":83,"minecraft:mutton":1,"iceandfire:pixie_dust":1,"minecraft:nether_bricks":1,"minecraft:snowball":1,"minecraft:granite":39,"minecraft:milk_bucket":1,"minecraft:obsidian":109,"iceandfire:crackled_gravel":1,"minecraft:iron_axe":21,"minecraft:beef":4,"minecraft:written_book":5,"minecraft:oak_sapling":2,"minecraft:furnace":7,"minecraft:cooked_beef":6,"minecraft:cooked_mutton":10,"minecraft:water_bucket":1,"minecraft:diorite":52,"minecraft:stone_pickaxe":129,"minecraft:blue_bed":9,"minecraft:sand":12,"minecraft:rail":3,"minecraft:crafting_table":10,"minecraft:spider_eye":3,"minecraft:crossbow":6,"minecraft:apple":1,"minecraft:bread":31,"minecraft:melon_slice":8,"minecraft:iron_pickaxe":913,"minecraft:gravel":5,"minecraft:stone_axe":30,"minecraft:cobblestone":21,"minecraft:porkchop":4,"minecraft:andesite":26,"minecraft:bucket":3,"iceandfire:fire_lily":1},"minecraft:picked_up":{"iceandfire:copper_ingot":6,"minecraft:iron_chestplate":4,"minecraft:crafting_table":12,"minecraft:wheat":4,"minecraft:redstone_block":42,"iceandfire:copper_ore":12,"iceandfire:fire_lily":2,"minecraft:chain":4,"minecraft:golden_sword":2,"minecraft:shield":3,"iceandfire:manuscript":20,"minecraft:iron_axe":2,"minecraft:flint_and_steel":1,"minecraft:iron_leggings":5,"iceandfire:amythest_gem":19,"iceandfire:bestiary":5,"minecraft:gold_nugget":14,"iceandfire:frost_lily":2,"minecraft:beef":6,"minecraft:written_book":6,"minecraft:player_head":2,"minecraft:iron_nugget":19,"minecraft:iron_pickaxe":8,"minecraft:melon_slice":9,"minecraft:coal_block":66,"minecraft:chest":53,"minecraft:iron_boots":3,"minecraft:furnace":19,"minecraft:golden_helmet":2,"minecraft:stick":14,"iceandfire:dragonbone":11,"minecraft:torch":29,"iceandfire:chared_grass":1,"iceandfire:silver_ore":20,"minecraft:fire_charge":2,"minecraft:porkchop":4,"iceandfire:crackled_gravel":2,"minecraft:diorite":64,"iceandfire:armor_copper_metal_boots":2,"minecraft:redstone":466,"minecraft:golden_chestplate":2,"minecraft:stone_sword":4,"iceandfire:silver_ingot":30,"minecraft:arrow":30,"minecraft:rotten_flesh":29,"minecraft:stone_shovel":1,"minecraft:hay_block":25,"minecraft:glistering_melon_slice":22,"minecraft:gold_ingot":24,"minecraft:cobblestone":1275,"minecraft:obsidian":2,"minecraft:mutton":2,"minecraft:snowball":2,"minecraft:rail":15,"minecraft:white_wool":7,"minecraft:cooked_beef":6,"minecraft:water_bucket":4,"minecraft:andesite":136,"minecraft:leather":18,"minecraft:golden_leggings":2,"minecraft:flint":4,"minecraft:oak_log":10,"minecraft:gunpowder":9,"iceandfire:armor_copper_metal_helmet":1,"minecraft:lapis_lazuli":76,"minecraft:dirt":197,"minecraft:blue_bed":14,"minecraft:white_banner":6,"minecraft:cooked_mutton":10,"minecraft:bone":122,"minecraft:wheat_seeds":5,"minecraft:iron_ingot":77,"minecraft:cobweb":32,"minecraft:iron_ore":139,"minecraft:oak_planks":72,"minecraft:book":2,"iceandfire:copper_nugget":15,"minecraft:gravel":30,"minecraft:sand":9,"iceandfire:stymphalian_bird_feather":24,"minecraft:grass_block":1,"minecraft:gold_ore":41,"minecraft:spider_eye":3,"minecraft:diamond":18,"minecraft:stone_axe":1,"minecraft:granite":223,"minecraft:iron_helmet":2,"minecraft:crossbow":6,"minecraft:bread":72,"minecraft:oak_sapling":2,"minecraft:netherrack":21,"minecraft:coal":613},"minecraft:crafted":{"minecraft:oak_planks":40,"minecraft:iron_boots":1,"minecraft:iron_axe":1,"minecraft:stone_pickaxe":1,"minecraft:redstone_block":21,"minecraft:wheat":63,"minecraft:coal_block":33,"iceandfire:copper_ingot":3,"minecraft:crafting_table":2,"minecraft:iron_helmet":1,"minecraft:bucket":2,"minecraft:bread":63,"minecraft:air":0,"minecraft:iron_chestplate":2,"minecraft:shield":2,"minecraft:stick":24,"minecraft:iron_pickaxe":3,"minecraft:iron_ingot":32,"minecraft:gold_ingot":12,"minecraft:iron_leggings":1,"iceandfire:gold_pile":7,"minecraft:torch":40},"minecraft:mined":{"minecraft:diamond_ore":13,"iceandfire:silver_ore":19,"iceandfire:copper_pile":1,"minecraft:granite":6,"minecraft:grass_block":33,"iceandfire:chared_grass":1,"minecraft:hay_block":7,"minecraft:redstone_ore":65,"minecraft:furnace":7,"iceandfire:copper_ore":11,"minecraft:iron_ore":122,"minecraft:fire":3,"minecraft:andesite":19,"minecraft:rail":6,"iceandfire:frost_lily":1,"minecraft:stone":289,"minecraft:player_head":4,"minecraft:crafting_table":8,"minecraft:melon":2,"minecraft:chest":18,"iceandfire:fire_lily":1,"minecraft:tall_grass":8,"minecraft:cobblestone":5,"minecraft:lapis_ore":4,"minecraft:diorite":39,"minecraft:blue_bed":10,"minecraft:wall_torch":2,"minecraft:birch_leaves":2,"minecraft:grass":20,"minecraft:oak_log":4,"minecraft:coal_ore":384,"minecraft:sand":3,"minecraft:dirt":78,"minecraft:netherrack":7,"minecraft:gold_ore":25,"minecraft:oak_leaves":3},"minecraft:custom":{"minecraft:mob_kills":48,"minecraft:interact_with_crafting_table":21,"minecraft:bell_ring":13,"minecraft:leave_game":21,"minecraft:time_since_death":3048,"minecraft:climb_one_cm":1523,"minecraft:sprint_one_cm":679482,"minecraft:walk_one_cm":519275,"minecraft:drop":46,"minecraft:talked_to_villager":2,"minecraft:deaths":14,"minecraft:sneak_time":24162,"minecraft:walk_under_water_one_cm":3595,"minecraft:boat_one_cm":110579,"minecraft:jump":4599,"minecraft:enchant_item":2,"minecraft:walk_on_water_one_cm":20945,"minecraft:interact_with_furnace":46,"minecraft:play_one_minute":474204,"minecraft:raid_trigger":1,"minecraft:sleep_in_bed":13,"minecraft:time_since_rest":192,"minecraft:damage_taken":6465,"minecraft:damage_dealt":10381,"minecraft:swim_one_cm":24271,"minecraft:fly_one_cm":2227105,"minecraft:open_chest":62,"minecraft:crouch_one_cm":41489,"minecraft:fall_one_cm":90648,"minecraft:horse_one_cm":2193}},"DataVersion":2586}