{"stats":{"minecraft:killed_by":{"iceandfire:lightning_dragon":1,"minecraft:enderman":1,"iceandfire:stymphalian_bird":1},"minecraft:used":{"minecraft:cooked_mutton":6,"minecraft:flint_and_steel":7,"minecraft:stone_pickaxe":8,"minecraft:rotten_flesh":4,"minecraft:dirt":4,"minecraft:sand":3,"iceandfire:pixie_dust":1,"minecraft:crafting_table":4,"minecraft:nether_bricks":1,"minecraft:obsidian":107,"iceandfire:crackled_gravel":1,"minecraft:iron_pickaxe":1,"minecraft:written_book":5,"minecraft:oak_sapling":1},"minecraft:killed":{"minecraft:sheep":1,"minecraft:zombie":1},"minecraft:custom":{"minecraft:mob_kills":1,"minecraft:interact_with_crafting_table":5,"minecraft:play_one_minute":241357,"minecraft:leave_game":17,"minecraft:time_since_death":23805,"minecraft:sleep_in_bed":1,"minecraft:climb_one_cm":160,"minecraft:time_since_rest":21129,"minecraft:sprint_one_cm":166576,"minecraft:damage_taken":3030,"minecraft:walk_one_cm":155217,"minecraft:drop":10,"minecraft:damage_dealt":569,"minecraft:swim_one_cm":1311,"minecraft:talked_to_villager":1,"minecraft:fly_one_cm":1589654,"minecraft:open_chest":6,"minecraft:crouch_one_cm":11817,"minecraft:deaths":10,"minecraft:sneak_time":6801,"minecraft:walk_under_water_one_cm":919,"minecraft:boat_one_cm":87027,"minecraft:jump":975,"minecraft:walk_on_water_one_cm":6002,"minecraft:fall_one_cm":19091,"minecraft:horse_one_cm":2193},"minecraft:dropped":{"iceandfire:crackled_gravel":1,"iceandfire:bestiary":2,"minecraft:written_book":1,"iceandfire:dragonbone":2,"iceandfire:amythest_gem":8},"minecraft:picked_up":{"minecraft:crafting_table":4,"minecraft:cooked_beef":2,"iceandfire:fire_lily":1,"minecraft:leather":1,"minecraft:oak_log":4,"iceandfire:armor_copper_metal_helmet":1,"iceandfire:manuscript":5,"minecraft:dirt":11,"minecraft:flint_and_steel":1,"minecraft:cooked_mutton":10,"minecraft:bone":7,"iceandfire:amythest_gem":7,"iceandfire:bestiary":2,"minecraft:beef":2,"minecraft:iron_ingot":8,"minecraft:cobweb":3,"minecraft:written_book":1,"minecraft:melon_slice":8,"minecraft:chest":6,"iceandfire:copper_nugget":15,"iceandfire:dragonbone":5,"minecraft:sand":9,"iceandfire:crackled_gravel":2,"iceandfire:stymphalian_bird_feather":24,"iceandfire:armor_copper_metal_boots":1,"minecraft:arrow":1,"minecraft:rotten_flesh":4,"minecraft:diamond":2,"minecraft:hay_block":6,"minecraft:oak_sapling":1,"minecraft:netherrack":7,"minecraft:mutton":1,"minecraft:obsidian":1,"minecraft:white_wool":2,"minecraft:cobblestone":3},"minecraft:mined":{"iceandfire:copper_pile":1,"minecraft:crafting_table":4,"minecraft:grass_block":9,"minecraft:melon":2,"minecraft:chest":6,"iceandfire:fire_lily":1,"minecraft:tall_grass":2,"minecraft:birch_leaves":1,"minecraft:grass":7,"minecraft:oak_log":4,"minecraft:sand":3,"minecraft:dirt":3,"minecraft:netherrack":7,"minecraft:oak_leaves":2},"minecraft:crafted":{"iceandfire:copper_ingot":3,"minecraft:oak_planks":16,"minecraft:crafting_table":1,"minecraft:stick":4,"minecraft:iron_pickaxe":1,"minecraft:stone_pickaxe":1}},"DataVersion":2586}