{"stats":{"minecraft:killed_by":{"minecraft:enderman":1,"iceandfire:stymphalian_bird":1,"iceandfire:lightning_dragon":1},"minecraft:used":{"minecraft:flint_and_steel":7,"minecraft:stone_shovel":18,"minecraft:shield":29,"iceandfire:copper_ore":1,"minecraft:rotten_flesh":11,"minecraft:torch":36,"minecraft:dirt":74,"iceandfire:pixie_dust":1,"minecraft:nether_bricks":1,"minecraft:granite":3,"minecraft:snowball":1,"minecraft:obsidian":107,"iceandfire:crackled_gravel":1,"minecraft:written_book":5,"minecraft:oak_sapling":1,"minecraft:furnace":1,"minecraft:cooked_beef":5,"minecraft:cooked_mutton":10,"minecraft:diorite":9,"minecraft:stone_pickaxe":129,"minecraft:blue_bed":1,"minecraft:sand":12,"minecraft:crafting_table":7,"minecraft:melon_slice":3,"minecraft:bread":1,"minecraft:iron_pickaxe":428,"minecraft:gravel":4,"minecraft:stone_axe":30,"minecraft:andesite":18},"minecraft:killed":{"minecraft:skeleton":4,"minecraft:bat":1,"minecraft:sheep":1,"minecraft:zombie":6,"minecraft:cow":1},"minecraft:custom":{"minecraft:mob_kills":13,"minecraft:interact_with_crafting_table":13,"minecraft:leave_game":17,"minecraft:time_since_death":107805,"minecraft:climb_one_cm":1431,"minecraft:sprint_one_cm":368949,"minecraft:walk_one_cm":288841,"minecraft:drop":32,"minecraft:talked_to_villager":1,"minecraft:deaths":10,"minecraft:sneak_time":18259,"minecraft:walk_under_water_one_cm":1487,"minecraft:boat_one_cm":110579,"minecraft:jump":2454,"minecraft:walk_on_water_one_cm":12390,"minecraft:enchant_item":2,"minecraft:interact_with_furnace":25,"minecraft:play_one_minute":325357,"minecraft:sleep_in_bed":2,"minecraft:time_since_rest":56658,"minecraft:damage_taken":3624,"minecraft:damage_dealt":3190,"minecraft:swim_one_cm":8743,"minecraft:fly_one_cm":1871987,"minecraft:open_chest":21,"minecraft:crouch_one_cm":30215,"minecraft:fall_one_cm":53541,"minecraft:horse_one_cm":2193},"minecraft:picked_up":{"minecraft:crafting_table":6,"minecraft:iron_chestplate":2,"iceandfire:copper_ore":3,"iceandfire:fire_lily":2,"minecraft:chain":4,"iceandfire:manuscript":11,"minecraft:flint_and_steel":1,"minecraft:iron_leggings":1,"iceandfire:amythest_gem":10,"iceandfire:bestiary":3,"minecraft:gold_nugget":14,"iceandfire:frost_lily":2,"minecraft:beef":3,"minecraft:written_book":1,"minecraft:iron_pickaxe":2,"minecraft:melon_slice":8,"minecraft:chest":16,"minecraft:iron_boots":1,"minecraft:furnace":1,"minecraft:stick":2,"iceandfire:dragonbone":5,"iceandfire:chared_grass":1,"minecraft:torch":3,"iceandfire:silver_ore":10,"iceandfire:crackled_gravel":2,"minecraft:diorite":9,"iceandfire:armor_copper_metal_boots":1,"minecraft:redstone":197,"minecraft:golden_chestplate":1,"minecraft:stone_sword":1,"minecraft:arrow":4,"minecraft:rotten_flesh":11,"minecraft:stone_shovel":1,"minecraft:hay_block":6,"minecraft:gold_ingot":7,"minecraft:obsidian":2,"minecraft:mutton":1,"minecraft:snowball":2,"minecraft:white_wool":2,"minecraft:cobblestone":125,"minecraft:cooked_beef":5,"minecraft:andesite":29,"minecraft:leather":3,"minecraft:oak_log":10,"iceandfire:armor_copper_metal_helmet":1,"minecraft:dirt":74,"minecraft:lapis_lazuli":67,"minecraft:blue_bed":2,"minecraft:cooked_mutton":10,"minecraft:bone":35,"minecraft:wheat_seeds":4,"minecraft:iron_ingot":31,"minecraft:cobweb":18,"minecraft:iron_ore":51,"minecraft:book":2,"iceandfire:copper_nugget":15,"minecraft:gravel":4,"minecraft:sand":9,"iceandfire:stymphalian_bird_feather":24,"minecraft:gold_ore":23,"minecraft:diamond":3,"minecraft:stone_axe":1,"minecraft:granite":3,"minecraft:oak_sapling":1,"minecraft:netherrack":7,"minecraft:coal":309},"minecraft:dropped":{"minecraft:gold_ore":15,"minecraft:iron_ingot":14,"minecraft:wheat_seeds":4,"minecraft:lapis_lazuli":60,"minecraft:diamond":2,"iceandfire:copper_nugget":4,"minecraft:mutton":1,"iceandfire:armor_copper_metal_boots":1,"minecraft:iron_pickaxe":2,"iceandfire:amythest_gem":11,"iceandfire:dragonbone":2,"iceandfire:fire_lily":1,"iceandfire:crackled_gravel":1,"minecraft:iron_chestplate":2,"minecraft:andesite":5,"iceandfire:bestiary":4,"iceandfire:frost_lily":1,"iceandfire:chared_grass":1,"minecraft:written_book":1},"minecraft:broken":{"minecraft:stone_pickaxe":1,"minecraft:stone_axe":1,"minecraft:iron_pickaxe":1,"minecraft:stone_shovel":1},"minecraft:mined":{"iceandfire:silver_ore":10,"iceandfire:copper_pile":1,"minecraft:granite":3,"minecraft:grass_block":30,"iceandfire:chared_grass":1,"minecraft:redstone_ore":46,"minecraft:furnace":1,"iceandfire:copper_ore":3,"minecraft:iron_ore":48,"minecraft:fire":1,"minecraft:andesite":11,"iceandfire:frost_lily":1,"minecraft:stone":110,"minecraft:crafting_table":6,"minecraft:melon":2,"minecraft:chest":16,"iceandfire:fire_lily":1,"minecraft:tall_grass":2,"minecraft:lapis_ore":4,"minecraft:diorite":7,"minecraft:blue_bed":2,"minecraft:wall_torch":2,"minecraft:birch_leaves":1,"minecraft:grass":15,"minecraft:oak_log":4,"minecraft:coal_ore":293,"minecraft:sand":3,"minecraft:dirt":40,"minecraft:netherrack":7,"minecraft:gold_ore":6,"minecraft:oak_leaves":2},"minecraft:crafted":{"minecraft:oak_planks":40,"minecraft:stone_pickaxe":1,"minecraft:redstone_block":21,"iceandfire:copper_ingot":3,"minecraft:crafting_table":1,"minecraft:iron_helmet":1,"minecraft:iron_chestplate":1,"minecraft:shield":1,"minecraft:stick":16,"minecraft:iron_pickaxe":3,"iceandfire:gold_pile":7,"minecraft:torch":40}},"DataVersion":2586}