{"stats":{"minecraft:used":{"minecraft:nether_bricks":1,"minecraft:sand":3,"minecraft:flint_and_steel":3,"minecraft:written_book":5,"minecraft:obsidian":41},"minecraft:custom":{"minecraft:jump":193,"minecraft:time_since_rest":4402,"minecraft:damage_dealt":364,"minecraft:damage_taken":2155,"minecraft:play_one_minute":130512,"minecraft:crouch_one_cm":4846,"minecraft:leave_game":10,"minecraft:time_since_death":4350,"minecraft:sprint_one_cm":33845,"minecraft:walk_one_cm":50250,"minecraft:walk_on_water_one_cm":686,"minecraft:deaths":5,"minecraft:sneak_time":3803,"minecraft:fly_one_cm":1238134,"minecraft:fall_one_cm":3438},"minecraft:killed_by":{"minecraft:enderman":1}},"DataVersion":2586}