{"stats":{"minecraft:killed_by":{"iceandfire:stymphalian_bird":1,"iceandfire:lightning_dragon":1,"minecraft:enderman":1},"minecraft:used":{"minecraft:cooked_mutton":5,"minecraft:flint_and_steel":7,"minecraft:stone_pickaxe":2,"minecraft:rotten_flesh":4,"minecraft:sand":3,"minecraft:written_book":5,"minecraft:crafting_table":1,"minecraft:oak_sapling":1,"minecraft:nether_bricks":1,"minecraft:obsidian":107},"minecraft:killed":{"minecraft:sheep":1,"minecraft:zombie":1},"minecraft:custom":{"minecraft:time_since_rest":3129,"minecraft:sprint_one_cm":149605,"minecraft:damage_taken":2955,"minecraft:walk_one_cm":136397,"minecraft:mob_kills":1,"minecraft:drop":3,"minecraft:damage_dealt":541,"minecraft:swim_one_cm":628,"minecraft:interact_with_crafting_table":1,"minecraft:fly_one_cm":1557343,"minecraft:open_chest":5,"minecraft:play_one_minute":223357,"minecraft:crouch_one_cm":10015,"minecraft:deaths":10,"minecraft:sneak_time":6096,"minecraft:walk_under_water_one_cm":545,"minecraft:boat_one_cm":17326,"minecraft:jump":853,"minecraft:leave_game":17,"minecraft:walk_on_water_one_cm":4847,"minecraft:time_since_death":5805,"minecraft:sleep_in_bed":1,"minecraft:climb_one_cm":160,"minecraft:fall_one_cm":15876,"minecraft:horse_one_cm":2193},"minecraft:dropped":{"iceandfire:amythest_gem":1,"iceandfire:dragonbone":2},"minecraft:picked_up":{"minecraft:crafting_table":1,"iceandfire:copper_nugget":13,"iceandfire:dragonbone":5,"minecraft:cooked_beef":2,"minecraft:leather":1,"minecraft:sand":2,"minecraft:oak_log":4,"iceandfire:crackled_gravel":1,"iceandfire:stymphalian_bird_feather":24,"iceandfire:armor_copper_metal_boots":1,"iceandfire:armor_copper_metal_helmet":1,"iceandfire:manuscript":5,"minecraft:dirt":7,"minecraft:flint_and_steel":1,"minecraft:cooked_mutton":10,"minecraft:bone":7,"minecraft:arrow":1,"minecraft:rotten_flesh":4,"minecraft:diamond":2,"minecraft:iron_ingot":8,"minecraft:hay_block":6,"minecraft:beef":2,"minecraft:cobweb":3,"minecraft:written_book":1,"minecraft:chest":6,"minecraft:oak_sapling":1,"minecraft:obsidian":1,"minecraft:mutton":1,"minecraft:white_wool":2,"minecraft:cobblestone":3},"minecraft:mined":{"minecraft:birch_leaves":1,"minecraft:crafting_table":1,"minecraft:grass":1,"minecraft:grass_block":8,"minecraft:oak_log":4,"minecraft:chest":6,"minecraft:dirt":1,"minecraft:sand":2,"minecraft:oak_leaves":2},"minecraft:crafted":{"minecraft:oak_planks":16,"minecraft:crafting_table":1,"minecraft:stick":4,"minecraft:stone_pickaxe":1}},"DataVersion":2586}