{"stats":{"minecraft:killed_by":{"iceandfire:lightning_dragon":1,"minecraft:enderman":1,"iceandfire:stymphalian_bird":1},"minecraft:used":{"minecraft:cooked_mutton":7,"minecraft:flint_and_steel":7,"minecraft:stone_pickaxe":8,"minecraft:rotten_flesh":4,"minecraft:dirt":7,"minecraft:sand":3,"iceandfire:pixie_dust":1,"minecraft:crafting_table":4,"minecraft:nether_bricks":1,"minecraft:obsidian":107,"iceandfire:crackled_gravel":1,"minecraft:bread":1,"minecraft:iron_pickaxe":1,"minecraft:written_book":5,"minecraft:oak_sapling":1},"minecraft:killed":{"minecraft:sheep":1,"minecraft:zombie":1,"minecraft:cow":1},"minecraft:custom":{"minecraft:mob_kills":2,"minecraft:interact_with_crafting_table":5,"minecraft:play_one_minute":253357,"minecraft:leave_game":17,"minecraft:time_since_death":35805,"minecraft:sleep_in_bed":1,"minecraft:climb_one_cm":160,"minecraft:time_since_rest":832,"minecraft:sprint_one_cm":216720,"minecraft:damage_taken":3060,"minecraft:walk_one_cm":182925,"minecraft:drop":10,"minecraft:damage_dealt":649,"minecraft:swim_one_cm":4007,"minecraft:talked_to_villager":1,"minecraft:fly_one_cm":1705503,"minecraft:open_chest":8,"minecraft:crouch_one_cm":12136,"minecraft:deaths":10,"minecraft:sneak_time":7269,"minecraft:walk_under_water_one_cm":977,"minecraft:boat_one_cm":110579,"minecraft:jump":1398,"minecraft:walk_on_water_one_cm":7358,"minecraft:fall_one_cm":33811,"minecraft:horse_one_cm":2193},"minecraft:dropped":{"iceandfire:crackled_gravel":1,"iceandfire:bestiary":2,"minecraft:written_book":1,"iceandfire:dragonbone":2,"iceandfire:amythest_gem":8},"minecraft:picked_up":{"minecraft:crafting_table":4,"minecraft:cooked_beef":5,"iceandfire:fire_lily":1,"minecraft:leather":3,"minecraft:oak_log":4,"iceandfire:armor_copper_metal_helmet":1,"iceandfire:manuscript":5,"minecraft:dirt":14,"minecraft:flint_and_steel":1,"minecraft:cooked_mutton":10,"minecraft:bone":7,"iceandfire:amythest_gem":7,"iceandfire:bestiary":2,"iceandfire:frost_lily":1,"minecraft:beef":3,"minecraft:iron_ingot":8,"minecraft:cobweb":3,"minecraft:written_book":1,"minecraft:melon_slice":8,"minecraft:chest":8,"iceandfire:copper_nugget":15,"iceandfire:dragonbone":5,"minecraft:sand":9,"iceandfire:crackled_gravel":2,"iceandfire:stymphalian_bird_feather":24,"iceandfire:armor_copper_metal_boots":1,"minecraft:arrow":1,"minecraft:rotten_flesh":4,"minecraft:diamond":2,"minecraft:hay_block":6,"minecraft:oak_sapling":1,"minecraft:netherrack":7,"minecraft:mutton":1,"minecraft:obsidian":1,"minecraft:snowball":1,"minecraft:white_wool":2,"minecraft:cobblestone":3},"minecraft:mined":{"iceandfire:copper_pile":1,"minecraft:crafting_table":4,"minecraft:grass_block":10,"minecraft:melon":2,"minecraft:chest":8,"iceandfire:fire_lily":1,"minecraft:tall_grass":2,"minecraft:birch_leaves":1,"minecraft:grass":10,"minecraft:oak_log":4,"minecraft:sand":3,"minecraft:dirt":5,"iceandfire:frost_lily":1,"minecraft:netherrack":7,"minecraft:oak_leaves":2},"minecraft:crafted":{"iceandfire:copper_ingot":3,"minecraft:oak_planks":16,"minecraft:crafting_table":1,"minecraft:stick":4,"minecraft:iron_pickaxe":1,"minecraft:stone_pickaxe":1}},"DataVersion":2586}