{"stats":{"minecraft:killed_by":{"minecraft:enderman":1},"minecraft:used":{"minecraft:nether_bricks":1,"minecraft:flint_and_steel":1,"minecraft:written_book":5,"minecraft:obsidian":14},"minecraft:custom":{"minecraft:jump":98,"minecraft:time_since_rest":39009,"minecraft:damage_dealt":173,"minecraft:play_one_minute":81005,"minecraft:crouch_one_cm":1928,"minecraft:damage_taken":285,"minecraft:leave_game":7,"minecraft:sprint_one_cm":17693,"minecraft:time_since_death":38966,"minecraft:walk_one_cm":24029,"minecraft:deaths":3,"minecraft:sneak_time":1134,"minecraft:fly_one_cm":542031,"minecraft:fall_one_cm":687}},"DataVersion":2586}