{"stats":{"minecraft:used":{"minecraft:written_book":5},"minecraft:killed_by":{"minecraft:enderman":1},"minecraft:custom":{"minecraft:jump":65,"minecraft:time_since_rest":7048,"minecraft:damage_dealt":133,"minecraft:play_one_minute":49044,"minecraft:crouch_one_cm":1676,"minecraft:damage_taken":285,"minecraft:leave_game":4,"minecraft:sprint_one_cm":11243,"minecraft:time_since_death":7005,"minecraft:walk_one_cm":13471,"minecraft:deaths":3,"minecraft:sneak_time":584,"minecraft:fly_one_cm":362534,"minecraft:fall_one_cm":687}},"DataVersion":2586}