{"stats":{"minecraft:broken":{"minecraft:stone_pickaxe":1,"minecraft:stone_axe":1,"minecraft:iron_pickaxe":1,"minecraft:iron_helmet":1,"minecraft:stone_shovel":1},"minecraft:killed_by":{"minecraft:creeper":1,"minecraft:enderman":1,"iceandfire:stymphalian_bird":1,"minecraft:skeleton":1,"iceandfire:lightning_dragon":1},"minecraft:dropped":{"minecraft:gold_ore":15,"minecraft:iron_ingot":14,"minecraft:wheat_seeds":4,"minecraft:lapis_lazuli":60,"minecraft:diamond":2,"minecraft:cobblestone":14,"minecraft:granite":4,"minecraft:grass_block":1,"minecraft:rail":2,"iceandfire:copper_nugget":4,"minecraft:mutton":1,"iceandfire:armor_copper_metal_boots":1,"minecraft:iron_pickaxe":2,"minecraft:white_wool":1,"iceandfire:dragonbone":2,"iceandfire:amythest_gem":11,"minecraft:oak_planks":2,"iceandfire:fire_lily":1,"iceandfire:crackled_gravel":1,"minecraft:iron_chestplate":2,"minecraft:andesite":6,"iceandfire:bestiary":4,"iceandfire:frost_lily":1,"iceandfire:chared_grass":1,"minecraft:written_book":3},"minecraft:killed":{"minecraft:skeleton":5,"minecraft:pig":2,"minecraft:bat":1,"minecraft:sheep":2,"minecraft:zombie":11,"minecraft:cow":1},"minecraft:used":{"minecraft:stone_sword":4,"minecraft:flint_and_steel":7,"minecraft:stone_shovel":18,"minecraft:shield":42,"iceandfire:copper_ore":2,"minecraft:rotten_flesh":19,"minecraft:torch":37,"minecraft:dirt":83,"minecraft:mutton":1,"iceandfire:pixie_dust":1,"minecraft:nether_bricks":1,"minecraft:snowball":1,"minecraft:granite":23,"minecraft:obsidian":107,"iceandfire:crackled_gravel":1,"minecraft:beef":1,"minecraft:written_book":5,"minecraft:oak_sapling":1,"minecraft:furnace":1,"minecraft:cooked_beef":6,"minecraft:cooked_mutton":10,"minecraft:diorite":9,"minecraft:stone_pickaxe":129,"minecraft:blue_bed":3,"minecraft:sand":12,"minecraft:rail":3,"minecraft:crafting_table":7,"minecraft:apple":1,"minecraft:bread":1,"minecraft:melon_slice":8,"minecraft:iron_pickaxe":622,"minecraft:gravel":4,"minecraft:stone_axe":30,"minecraft:cobblestone":16,"minecraft:porkchop":3,"minecraft:andesite":20},"minecraft:picked_up":{"iceandfire:copper_ingot":6,"minecraft:crafting_table":10,"minecraft:iron_chestplate":4,"minecraft:redstone_block":42,"iceandfire:copper_ore":12,"iceandfire:fire_lily":2,"minecraft:chain":4,"minecraft:shield":2,"iceandfire:manuscript":13,"minecraft:flint_and_steel":1,"minecraft:iron_leggings":3,"iceandfire:amythest_gem":16,"iceandfire:bestiary":3,"minecraft:gold_nugget":14,"iceandfire:frost_lily":2,"minecraft:beef":3,"minecraft:written_book":3,"minecraft:iron_pickaxe":6,"minecraft:melon_slice":9,"minecraft:coal_block":66,"minecraft:chest":48,"minecraft:iron_boots":3,"minecraft:furnace":19,"minecraft:stick":2,"iceandfire:dragonbone":11,"iceandfire:chared_grass":1,"minecraft:torch":17,"iceandfire:silver_ore":16,"minecraft:porkchop":3,"iceandfire:crackled_gravel":2,"minecraft:diorite":9,"iceandfire:armor_copper_metal_boots":1,"minecraft:redstone":253,"minecraft:golden_chestplate":1,"minecraft:stone_sword":3,"iceandfire:silver_ingot":30,"minecraft:arrow":15,"minecraft:rotten_flesh":26,"minecraft:stone_shovel":1,"minecraft:hay_block":18,"minecraft:gold_ingot":24,"minecraft:obsidian":2,"minecraft:mutton":2,"minecraft:rail":9,"minecraft:snowball":2,"minecraft:white_wool":7,"minecraft:cobblestone":395,"minecraft:cooked_beef":6,"minecraft:andesite":32,"minecraft:leather":9,"minecraft:flint":4,"minecraft:oak_log":10,"iceandfire:armor_copper_metal_helmet":1,"minecraft:dirt":83,"minecraft:lapis_lazuli":76,"minecraft:blue_bed":6,"minecraft:cooked_mutton":10,"minecraft:bone":121,"minecraft:wheat_seeds":4,"minecraft:iron_ingot":77,"minecraft:cobweb":18,"minecraft:iron_ore":118,"minecraft:oak_planks":46,"minecraft:book":2,"iceandfire:copper_nugget":15,"minecraft:gravel":4,"minecraft:sand":9,"iceandfire:stymphalian_bird_feather":24,"minecraft:grass_block":1,"minecraft:gold_ore":35,"minecraft:diamond":5,"minecraft:stone_axe":1,"minecraft:iron_helmet":2,"minecraft:granite":60,"minecraft:oak_sapling":1,"minecraft:netherrack":21,"minecraft:coal":591},"minecraft:mined":{"iceandfire:silver_ore":16,"iceandfire:copper_pile":1,"minecraft:granite":4,"minecraft:grass_block":30,"iceandfire:chared_grass":1,"minecraft:redstone_ore":51,"minecraft:furnace":7,"iceandfire:copper_ore":11,"minecraft:iron_ore":101,"minecraft:fire":1,"minecraft:andesite":13,"iceandfire:frost_lily":1,"minecraft:stone":125,"minecraft:player_head":2,"minecraft:crafting_table":7,"minecraft:melon":2,"minecraft:chest":16,"iceandfire:fire_lily":1,"minecraft:tall_grass":2,"minecraft:cobblestone":4,"minecraft:lapis_ore":4,"minecraft:diorite":7,"minecraft:blue_bed":4,"minecraft:wall_torch":2,"minecraft:birch_leaves":1,"minecraft:grass":15,"minecraft:oak_log":4,"minecraft:coal_ore":362,"minecraft:sand":3,"minecraft:dirt":53,"minecraft:netherrack":7,"minecraft:gold_ore":19,"minecraft:oak_leaves":3},"minecraft:crafted":{"minecraft:oak_planks":40,"minecraft:stone_pickaxe":1,"minecraft:redstone_block":21,"minecraft:coal_block":33,"iceandfire:copper_ingot":3,"minecraft:crafting_table":1,"minecraft:iron_helmet":1,"minecraft:iron_chestplate":1,"minecraft:shield":1,"minecraft:stick":16,"minecraft:iron_pickaxe":3,"iceandfire:gold_pile":7,"minecraft:torch":40},"minecraft:custom":{"minecraft:mob_kills":28,"minecraft:interact_with_crafting_table":14,"minecraft:leave_game":20,"minecraft:time_since_death":65896,"minecraft:climb_one_cm":1431,"minecraft:sprint_one_cm":457082,"minecraft:walk_one_cm":408895,"minecraft:drop":44,"minecraft:talked_to_villager":1,"minecraft:deaths":12,"minecraft:sneak_time":22391,"minecraft:walk_under_water_one_cm":3255,"minecraft:boat_one_cm":110579,"minecraft:jump":3205,"minecraft:walk_on_water_one_cm":19141,"minecraft:enchant_item":2,"minecraft:interact_with_furnace":25,"minecraft:play_one_minute":409255,"minecraft:sleep_in_bed":3,"minecraft:time_since_rest":32529,"minecraft:damage_taken":4492,"minecraft:damage_dealt":5595,"minecraft:swim_one_cm":17591,"minecraft:fly_one_cm":1939129,"minecraft:open_chest":31,"minecraft:crouch_one_cm":36951,"minecraft:fall_one_cm":62156,"minecraft:horse_one_cm":2193}},"DataVersion":2586}