{"stats":{"minecraft:killed_by":{"minecraft:enderman":1},"minecraft:used":{"minecraft:nether_bricks":1,"minecraft:sand":3,"minecraft:flint_and_steel":2,"minecraft:written_book":5,"minecraft:obsidian":27},"minecraft:custom":{"minecraft:jump":136,"minecraft:time_since_rest":5446,"minecraft:walk_on_water_one_cm":336,"minecraft:damage_dealt":199,"minecraft:play_one_minute":93005,"minecraft:crouch_one_cm":2460,"minecraft:damage_taken":515,"minecraft:leave_game":7,"minecraft:sprint_one_cm":24568,"minecraft:time_since_death":5416,"minecraft:walk_one_cm":37979,"minecraft:deaths":4,"minecraft:sneak_time":1706,"minecraft:fly_one_cm":831547,"minecraft:fall_one_cm":2471}},"DataVersion":2586}