{"stats":{"minecraft:used":{"minecraft:nether_bricks":1,"minecraft:sand":3,"minecraft:flint_and_steel":3,"minecraft:written_book":5,"minecraft:obsidian":41},"minecraft:custom":{"minecraft:jump":182,"minecraft:time_since_rest":33332,"minecraft:damage_dealt":315,"minecraft:damage_taken":515,"minecraft:play_one_minute":120891,"minecraft:crouch_one_cm":4572,"minecraft:leave_game":9,"minecraft:time_since_death":33302,"minecraft:sprint_one_cm":31320,"minecraft:walk_one_cm":46405,"minecraft:walk_on_water_one_cm":336,"minecraft:deaths":4,"minecraft:sneak_time":3476,"minecraft:fly_one_cm":1056830,"minecraft:fall_one_cm":2471},"minecraft:killed_by":{"minecraft:enderman":1}},"DataVersion":2586}