{"stats":{"minecraft:killed_by":{"iceandfire:stymphalian_bird":1,"minecraft:enderman":1},"minecraft:used":{"minecraft:sand":3,"minecraft:flint_and_steel":7,"minecraft:written_book":5,"minecraft:nether_bricks":1,"minecraft:obsidian":107},"minecraft:custom":{"minecraft:time_since_rest":13943,"minecraft:crouch_one_cm":6300,"minecraft:play_one_minute":187405,"minecraft:sprint_one_cm":54095,"minecraft:damage_taken":2467,"minecraft:deaths":9,"minecraft:walk_one_cm":73850,"minecraft:sneak_time":4415,"minecraft:jump":339,"minecraft:damage_dealt":435,"minecraft:leave_game":16,"minecraft:walk_on_water_one_cm":3250,"minecraft:time_since_death":21378,"minecraft:climb_one_cm":160,"minecraft:fall_one_cm":5049,"minecraft:fly_one_cm":1456218},"minecraft:picked_up":{"minecraft:flint_and_steel":1,"minecraft:written_book":1,"iceandfire:stymphalian_bird_feather":24,"minecraft:obsidian":1},"minecraft:mined":{"minecraft:grass":1}},"DataVersion":2586}