{"stats":{"minecraft:killed_by":{"iceandfire:stymphalian_bird":1,"minecraft:enderman":1},"minecraft:used":{"minecraft:cooked_mutton":2,"minecraft:flint_and_steel":7,"minecraft:stone_pickaxe":2,"minecraft:rotten_flesh":3,"minecraft:sand":3,"minecraft:written_book":5,"minecraft:crafting_table":1,"minecraft:oak_sapling":1,"minecraft:nether_bricks":1,"minecraft:obsidian":107},"minecraft:killed":{"minecraft:sheep":1,"minecraft:zombie":1},"minecraft:custom":{"minecraft:time_since_rest":6635,"minecraft:sprint_one_cm":101972,"minecraft:damage_taken":2575,"minecraft:walk_one_cm":104775,"minecraft:damage_dealt":521,"minecraft:interact_with_crafting_table":1,"minecraft:fly_one_cm":1504922,"minecraft:play_one_minute":211357,"minecraft:crouch_one_cm":7425,"minecraft:deaths":9,"minecraft:sneak_time":4922,"minecraft:jump":618,"minecraft:leave_game":17,"minecraft:walk_on_water_one_cm":3550,"minecraft:time_since_death":45330,"minecraft:climb_one_cm":160,"minecraft:fall_one_cm":10562,"minecraft:horse_one_cm":2193},"minecraft:picked_up":{"minecraft:crafting_table":1,"minecraft:cooked_beef":2,"minecraft:oak_log":4,"iceandfire:stymphalian_bird_feather":24,"minecraft:dirt":6,"minecraft:flint_and_steel":1,"minecraft:cooked_mutton":10,"minecraft:rotten_flesh":4,"minecraft:written_book":1,"minecraft:oak_sapling":1,"minecraft:obsidian":1,"minecraft:mutton":1,"minecraft:white_wool":2,"minecraft:cobblestone":3},"minecraft:mined":{"minecraft:birch_leaves":1,"minecraft:crafting_table":1,"minecraft:grass":1,"minecraft:grass_block":6,"minecraft:oak_log":4,"minecraft:oak_leaves":2},"minecraft:crafted":{"minecraft:oak_planks":16,"minecraft:crafting_table":1,"minecraft:stick":4,"minecraft:stone_pickaxe":1}},"DataVersion":2586}