{"stats":{"minecraft:used":{"minecraft:sand":3,"minecraft:flint_and_steel":7,"minecraft:written_book":5,"minecraft:nether_bricks":1,"minecraft:obsidian":107},"minecraft:picked_up":{"minecraft:flint_and_steel":1,"minecraft:written_book":1,"iceandfire:stymphalian_bird_feather":24,"minecraft:obsidian":1},"minecraft:mined":{"minecraft:grass":1},"minecraft:killed_by":{"iceandfire:stymphalian_bird":1,"minecraft:enderman":1},"minecraft:custom":{"minecraft:time_since_rest":4966,"minecraft:crouch_one_cm":6300,"minecraft:play_one_minute":178428,"minecraft:sprint_one_cm":51958,"minecraft:damage_taken":2437,"minecraft:deaths":9,"minecraft:walk_one_cm":70326,"minecraft:sneak_time":4415,"minecraft:jump":326,"minecraft:damage_dealt":435,"minecraft:leave_game":14,"minecraft:walk_on_water_one_cm":3250,"minecraft:time_since_death":12401,"minecraft:climb_one_cm":160,"minecraft:fall_one_cm":4065,"minecraft:fly_one_cm":1454791}},"DataVersion":2586}