{"stats":{"minecraft:killed_by":{"iceandfire:lightning_dragon":1,"minecraft:enderman":1,"iceandfire:stymphalian_bird":1},"minecraft:used":{"minecraft:cooked_mutton":10,"minecraft:diorite":1,"minecraft:flint_and_steel":7,"minecraft:stone_shovel":18,"minecraft:stone_pickaxe":129,"minecraft:shield":6,"minecraft:blue_bed":1,"iceandfire:copper_ore":1,"minecraft:rotten_flesh":4,"minecraft:torch":35,"minecraft:dirt":74,"minecraft:sand":12,"iceandfire:pixie_dust":1,"minecraft:crafting_table":6,"minecraft:nether_bricks":1,"minecraft:granite":3,"minecraft:snowball":1,"minecraft:obsidian":107,"iceandfire:crackled_gravel":1,"minecraft:bread":1,"minecraft:iron_pickaxe":249,"minecraft:stone_axe":5,"minecraft:written_book":5,"minecraft:oak_sapling":1,"minecraft:andesite":1,"minecraft:cooked_beef":3},"minecraft:killed":{"minecraft:bat":1,"minecraft:sheep":1,"minecraft:skeleton":1,"minecraft:zombie":2,"minecraft:cow":1},"minecraft:custom":{"minecraft:interact_with_furnace":2,"minecraft:mob_kills":6,"minecraft:interact_with_crafting_table":9,"minecraft:play_one_minute":301357,"minecraft:leave_game":17,"minecraft:time_since_death":83805,"minecraft:sleep_in_bed":2,"minecraft:climb_one_cm":1431,"minecraft:time_since_rest":32658,"minecraft:sprint_one_cm":342765,"minecraft:damage_taken":3222,"minecraft:walk_one_cm":250356,"minecraft:drop":27,"minecraft:damage_dealt":1172,"minecraft:swim_one_cm":8743,"minecraft:talked_to_villager":1,"minecraft:fly_one_cm":1863411,"minecraft:open_chest":21,"minecraft:crouch_one_cm":27982,"minecraft:deaths":10,"minecraft:sneak_time":16780,"minecraft:walk_under_water_one_cm":1487,"minecraft:boat_one_cm":110579,"minecraft:jump":2265,"minecraft:walk_on_water_one_cm":12390,"minecraft:fall_one_cm":53119,"minecraft:horse_one_cm":2193},"minecraft:picked_up":{"minecraft:iron_chestplate":2,"minecraft:crafting_table":6,"minecraft:cooked_beef":5,"iceandfire:copper_ore":3,"minecraft:andesite":15,"iceandfire:fire_lily":2,"minecraft:leather":3,"minecraft:oak_log":4,"minecraft:chain":4,"iceandfire:armor_copper_metal_helmet":1,"minecraft:lapis_lazuli":30,"iceandfire:manuscript":11,"minecraft:blue_bed":2,"minecraft:dirt":74,"minecraft:flint_and_steel":1,"minecraft:iron_leggings":1,"minecraft:cooked_mutton":10,"minecraft:bone":30,"iceandfire:amythest_gem":10,"iceandfire:bestiary":3,"minecraft:wheat_seeds":4,"minecraft:gold_nugget":14,"iceandfire:frost_lily":2,"minecraft:beef":3,"minecraft:iron_ingot":31,"minecraft:iron_ore":39,"minecraft:cobweb":18,"minecraft:written_book":1,"minecraft:iron_pickaxe":2,"minecraft:melon_slice":8,"minecraft:chest":16,"minecraft:iron_boots":1,"minecraft:book":2,"iceandfire:copper_nugget":15,"iceandfire:dragonbone":5,"minecraft:torch":3,"iceandfire:chared_grass":1,"iceandfire:silver_ore":10,"minecraft:sand":9,"iceandfire:crackled_gravel":2,"iceandfire:stymphalian_bird_feather":24,"minecraft:diorite":1,"iceandfire:armor_copper_metal_boots":1,"minecraft:gold_ore":5,"minecraft:redstone":112,"minecraft:golden_chestplate":1,"minecraft:stone_sword":1,"minecraft:arrow":2,"minecraft:stone_shovel":1,"minecraft:rotten_flesh":7,"minecraft:diamond":3,"minecraft:stone_axe":1,"minecraft:hay_block":6,"minecraft:granite":3,"minecraft:coal":186,"minecraft:oak_sapling":1,"minecraft:netherrack":7,"minecraft:mutton":1,"minecraft:obsidian":2,"minecraft:snowball":2,"minecraft:white_wool":2,"minecraft:cobblestone":92},"minecraft:dropped":{"minecraft:iron_ingot":14,"minecraft:wheat_seeds":4,"minecraft:diamond":2,"iceandfire:fire_lily":1,"iceandfire:crackled_gravel":1,"iceandfire:copper_nugget":4,"minecraft:iron_chestplate":2,"minecraft:andesite":5,"minecraft:mutton":1,"iceandfire:armor_copper_metal_boots":1,"iceandfire:bestiary":4,"iceandfire:frost_lily":1,"minecraft:iron_pickaxe":2,"iceandfire:chared_grass":1,"minecraft:written_book":1,"iceandfire:dragonbone":2,"iceandfire:amythest_gem":11},"minecraft:broken":{"minecraft:stone_pickaxe":1,"minecraft:iron_pickaxe":1,"minecraft:stone_shovel":1},"minecraft:mined":{"iceandfire:silver_ore":10,"iceandfire:copper_pile":1,"minecraft:crafting_table":6,"minecraft:granite":3,"minecraft:grass_block":30,"minecraft:melon":2,"minecraft:chest":16,"iceandfire:fire_lily":1,"minecraft:tall_grass":2,"minecraft:lapis_ore":4,"minecraft:diorite":4,"minecraft:wall_torch":2,"minecraft:blue_bed":2,"iceandfire:chared_grass":1,"minecraft:redstone_ore":27,"iceandfire:copper_ore":3,"minecraft:iron_ore":36,"minecraft:fire":1,"minecraft:andesite":7,"minecraft:birch_leaves":1,"minecraft:grass":15,"minecraft:coal_ore":186,"minecraft:oak_log":4,"minecraft:sand":3,"minecraft:dirt":40,"iceandfire:frost_lily":1,"minecraft:stone":78,"minecraft:gold_ore":5,"minecraft:netherrack":7,"minecraft:oak_leaves":2},"minecraft:crafted":{"iceandfire:copper_ingot":3,"minecraft:oak_planks":16,"minecraft:crafting_table":1,"minecraft:iron_helmet":1,"minecraft:iron_chestplate":1,"minecraft:shield":1,"minecraft:stick":12,"minecraft:iron_pickaxe":1,"minecraft:stone_pickaxe":1,"iceandfire:gold_pile":7,"minecraft:torch":32}},"DataVersion":2586}