{"stats":{"minecraft:used":{"minecraft:nether_bricks":1,"minecraft:sand":3,"minecraft:flint_and_steel":3,"minecraft:written_book":5,"minecraft:obsidian":41},"minecraft:killed_by":{"minecraft:enderman":1},"minecraft:custom":{"minecraft:jump":202,"minecraft:time_since_rest":5384,"minecraft:damage_dealt":373,"minecraft:damage_taken":2155,"minecraft:play_one_minute":148805,"minecraft:crouch_one_cm":4945,"minecraft:leave_game":11,"minecraft:time_since_death":5354,"minecraft:sprint_one_cm":35947,"minecraft:walk_one_cm":51572,"minecraft:walk_on_water_one_cm":686,"minecraft:deaths":8,"minecraft:sneak_time":3859,"minecraft:fly_one_cm":1250912,"minecraft:fall_one_cm":3438}},"DataVersion":2586}