{"stats":{"minecraft:used":{"minecraft:nether_bricks":1,"minecraft:sand":3,"minecraft:flint_and_steel":4,"minecraft:written_book":5,"minecraft:obsidian":60},"minecraft:custom":{"minecraft:jump":226,"minecraft:time_since_rest":14789,"minecraft:damage_dealt":373,"minecraft:damage_taken":2155,"minecraft:play_one_minute":158210,"minecraft:crouch_one_cm":5244,"minecraft:leave_game":12,"minecraft:time_since_death":14759,"minecraft:sprint_one_cm":38010,"minecraft:walk_one_cm":53462,"minecraft:walk_on_water_one_cm":686,"minecraft:deaths":8,"minecraft:sneak_time":4160,"minecraft:fly_one_cm":1361867,"minecraft:fall_one_cm":3438},"minecraft:killed_by":{"minecraft:enderman":1}},"DataVersion":2586}