{"stats":{"minecraft:broken":{"minecraft:stone_pickaxe":1,"minecraft:stone_axe":1,"minecraft:iron_pickaxe":1,"minecraft:iron_helmet":1,"minecraft:stone_shovel":1},"minecraft:killed_by":{"minecraft:creeper":1,"minecraft:enderman":1,"iceandfire:stymphalian_bird":1,"minecraft:skeleton":1,"iceandfire:lightning_dragon":1},"minecraft:dropped":{"minecraft:gold_ore":15,"minecraft:iron_ingot":14,"minecraft:wheat_seeds":4,"minecraft:lapis_lazuli":60,"minecraft:diamond":2,"minecraft:cobblestone":14,"minecraft:granite":4,"minecraft:grass_block":1,"minecraft:rail":2,"iceandfire:copper_nugget":4,"minecraft:mutton":1,"iceandfire:armor_copper_metal_boots":1,"minecraft:iron_pickaxe":2,"minecraft:white_wool":1,"iceandfire:dragonbone":2,"iceandfire:amythest_gem":11,"minecraft:oak_planks":2,"iceandfire:fire_lily":1,"iceandfire:crackled_gravel":1,"minecraft:iron_chestplate":2,"minecraft:andesite":6,"iceandfire:bestiary":4,"iceandfire:frost_lily":1,"iceandfire:chared_grass":1,"minecraft:written_book":3},"minecraft:killed":{"minecraft:witch":2,"minecraft:skeleton":5,"minecraft:pig":2,"minecraft:bat":1,"minecraft:sheep":2,"minecraft:zombie":11,"minecraft:cow":1},"minecraft:used":{"minecraft:stone_sword":18,"minecraft:flint_and_steel":7,"minecraft:stone_shovel":18,"minecraft:shield":42,"minecraft:player_head":1,"iceandfire:copper_ore":2,"minecraft:rotten_flesh":19,"minecraft:torch":37,"minecraft:dirt":83,"minecraft:mutton":1,"iceandfire:pixie_dust":1,"minecraft:nether_bricks":1,"minecraft:snowball":1,"minecraft:granite":24,"minecraft:obsidian":107,"iceandfire:crackled_gravel":1,"minecraft:beef":1,"minecraft:written_book":5,"minecraft:oak_sapling":1,"minecraft:furnace":1,"minecraft:cooked_beef":6,"minecraft:cooked_mutton":10,"minecraft:diorite":15,"minecraft:stone_pickaxe":129,"minecraft:blue_bed":3,"minecraft:sand":12,"minecraft:rail":3,"minecraft:crafting_table":7,"minecraft:spider_eye":3,"minecraft:apple":1,"minecraft:bread":6,"minecraft:melon_slice":8,"minecraft:iron_pickaxe":643,"minecraft:gravel":5,"minecraft:stone_axe":30,"minecraft:cobblestone":16,"minecraft:porkchop":3,"minecraft:andesite":26},"minecraft:picked_up":{"iceandfire:copper_ingot":6,"minecraft:crafting_table":10,"minecraft:iron_chestplate":4,"minecraft:redstone_block":42,"iceandfire:copper_ore":12,"iceandfire:fire_lily":2,"minecraft:chain":4,"minecraft:shield":2,"iceandfire:manuscript":13,"minecraft:flint_and_steel":1,"minecraft:iron_leggings":3,"iceandfire:amythest_gem":16,"iceandfire:bestiary":3,"minecraft:gold_nugget":14,"iceandfire:frost_lily":2,"minecraft:beef":3,"minecraft:written_book":3,"minecraft:player_head":1,"minecraft:iron_pickaxe":6,"minecraft:melon_slice":9,"minecraft:coal_block":66,"minecraft:chest":48,"minecraft:iron_boots":3,"minecraft:furnace":19,"minecraft:stick":2,"iceandfire:dragonbone":11,"iceandfire:chared_grass":1,"minecraft:torch":17,"iceandfire:silver_ore":19,"minecraft:porkchop":3,"iceandfire:crackled_gravel":2,"minecraft:diorite":30,"iceandfire:armor_copper_metal_boots":1,"minecraft:redstone":253,"minecraft:golden_chestplate":1,"minecraft:stone_sword":3,"iceandfire:silver_ingot":30,"minecraft:arrow":15,"minecraft:rotten_flesh":26,"minecraft:stone_shovel":1,"minecraft:hay_block":25,"minecraft:gold_ingot":24,"minecraft:obsidian":2,"minecraft:mutton":2,"minecraft:rail":9,"minecraft:snowball":2,"minecraft:white_wool":7,"minecraft:cobblestone":734,"minecraft:cooked_beef":6,"minecraft:andesite":42,"minecraft:leather":9,"minecraft:flint":4,"minecraft:oak_log":10,"minecraft:gunpowder":2,"iceandfire:armor_copper_metal_helmet":1,"minecraft:dirt":83,"minecraft:lapis_lazuli":76,"minecraft:blue_bed":6,"minecraft:cooked_mutton":10,"minecraft:bone":121,"minecraft:wheat_seeds":4,"minecraft:iron_ingot":77,"minecraft:cobweb":18,"minecraft:iron_ore":121,"minecraft:oak_planks":46,"minecraft:book":2,"iceandfire:copper_nugget":15,"minecraft:gravel":17,"minecraft:sand":9,"iceandfire:stymphalian_bird_feather":24,"minecraft:grass_block":1,"minecraft:gold_ore":35,"minecraft:spider_eye":3,"minecraft:diamond":5,"minecraft:stone_axe":1,"minecraft:iron_helmet":2,"minecraft:granite":75,"minecraft:oak_sapling":1,"minecraft:netherrack":21,"minecraft:coal":604},"minecraft:mined":{"iceandfire:silver_ore":19,"iceandfire:copper_pile":1,"minecraft:granite":5,"minecraft:grass_block":30,"iceandfire:chared_grass":1,"minecraft:hay_block":7,"minecraft:redstone_ore":51,"minecraft:furnace":7,"iceandfire:copper_ore":11,"minecraft:iron_ore":104,"minecraft:fire":1,"minecraft:andesite":13,"iceandfire:frost_lily":1,"minecraft:stone":125,"minecraft:player_head":3,"minecraft:crafting_table":7,"minecraft:melon":2,"minecraft:chest":16,"iceandfire:fire_lily":1,"minecraft:tall_grass":2,"minecraft:cobblestone":4,"minecraft:lapis_ore":4,"minecraft:diorite":8,"minecraft:blue_bed":4,"minecraft:wall_torch":2,"minecraft:birch_leaves":1,"minecraft:grass":16,"minecraft:oak_log":4,"minecraft:coal_ore":375,"minecraft:sand":3,"minecraft:dirt":53,"minecraft:netherrack":7,"minecraft:gold_ore":19,"minecraft:oak_leaves":3},"minecraft:crafted":{"minecraft:oak_planks":40,"minecraft:stone_pickaxe":1,"minecraft:redstone_block":21,"minecraft:wheat":63,"minecraft:coal_block":33,"iceandfire:copper_ingot":3,"minecraft:crafting_table":1,"minecraft:iron_helmet":1,"minecraft:bread":21,"minecraft:air":0,"minecraft:iron_chestplate":1,"minecraft:shield":1,"minecraft:stick":16,"minecraft:iron_ingot":31,"minecraft:iron_pickaxe":3,"minecraft:gold_ingot":12,"iceandfire:gold_pile":7,"minecraft:torch":40},"minecraft:custom":{"minecraft:mob_kills":30,"minecraft:interact_with_crafting_table":16,"minecraft:leave_game":20,"minecraft:time_since_death":77896,"minecraft:climb_one_cm":1431,"minecraft:sprint_one_cm":492886,"minecraft:walk_one_cm":430610,"minecraft:drop":44,"minecraft:talked_to_villager":1,"minecraft:deaths":12,"minecraft:sneak_time":22751,"minecraft:walk_under_water_one_cm":3255,"minecraft:boat_one_cm":110579,"minecraft:jump":3435,"minecraft:walk_on_water_one_cm":19141,"minecraft:enchant_item":2,"minecraft:interact_with_furnace":40,"minecraft:play_one_minute":421255,"minecraft:sleep_in_bed":6,"minecraft:time_since_rest":5770,"minecraft:damage_taken":4680,"minecraft:damage_dealt":6535,"minecraft:swim_one_cm":17591,"minecraft:fly_one_cm":1978080,"minecraft:open_chest":43,"minecraft:crouch_one_cm":38103,"minecraft:fall_one_cm":65349,"minecraft:horse_one_cm":2193}},"DataVersion":2586}