{"stats":{"minecraft:killed_by":{"iceandfire:stymphalian_bird":1,"minecraft:enderman":1},"minecraft:used":{"minecraft:sand":3,"minecraft:flint_and_steel":7,"minecraft:written_book":5,"minecraft:oak_sapling":1,"minecraft:nether_bricks":1,"minecraft:obsidian":107},"minecraft:custom":{"minecraft:time_since_rest":25943,"minecraft:crouch_one_cm":6302,"minecraft:play_one_minute":199405,"minecraft:sprint_one_cm":65181,"minecraft:damage_taken":2467,"minecraft:deaths":9,"minecraft:walk_one_cm":81777,"minecraft:sneak_time":4428,"minecraft:jump":407,"minecraft:damage_dealt":435,"minecraft:leave_game":16,"minecraft:walk_on_water_one_cm":3250,"minecraft:time_since_death":33378,"minecraft:climb_one_cm":160,"minecraft:fall_one_cm":6152,"minecraft:fly_one_cm":1471204},"minecraft:picked_up":{"minecraft:flint_and_steel":1,"minecraft:oak_log":4,"minecraft:written_book":1,"iceandfire:stymphalian_bird_feather":24,"minecraft:oak_sapling":1,"minecraft:obsidian":1,"minecraft:cobblestone":2},"minecraft:crafted":{"minecraft:oak_planks":16,"minecraft:crafting_table":1,"minecraft:stick":4},"minecraft:mined":{"minecraft:grass":1,"minecraft:oak_log":4,"minecraft:oak_leaves":2}},"DataVersion":2586}