{"stats":{"minecraft:killed_by":{"iceandfire:lightning_dragon":1,"minecraft:enderman":1,"iceandfire:stymphalian_bird":1},"minecraft:used":{"minecraft:cooked_mutton":10,"minecraft:flint_and_steel":7,"minecraft:stone_pickaxe":20,"minecraft:rotten_flesh":4,"minecraft:dirt":24,"minecraft:sand":3,"iceandfire:pixie_dust":1,"minecraft:crafting_table":5,"minecraft:nether_bricks":1,"minecraft:snowball":1,"minecraft:obsidian":107,"iceandfire:crackled_gravel":1,"minecraft:bread":1,"minecraft:iron_pickaxe":1,"minecraft:written_book":5,"minecraft:oak_sapling":1},"minecraft:killed":{"minecraft:sheep":1,"minecraft:zombie":1,"minecraft:cow":1},"minecraft:custom":{"minecraft:mob_kills":2,"minecraft:interact_with_crafting_table":7,"minecraft:play_one_minute":265357,"minecraft:leave_game":17,"minecraft:time_since_death":47805,"minecraft:sleep_in_bed":1,"minecraft:climb_one_cm":1104,"minecraft:time_since_rest":12832,"minecraft:sprint_one_cm":251198,"minecraft:damage_taken":3080,"minecraft:walk_one_cm":190813,"minecraft:drop":12,"minecraft:damage_dealt":649,"minecraft:swim_one_cm":8238,"minecraft:talked_to_villager":1,"minecraft:fly_one_cm":1769077,"minecraft:open_chest":9,"minecraft:crouch_one_cm":14361,"minecraft:deaths":10,"minecraft:sneak_time":9287,"minecraft:walk_under_water_one_cm":1231,"minecraft:boat_one_cm":110579,"minecraft:jump":1711,"minecraft:walk_on_water_one_cm":8334,"minecraft:fall_one_cm":40973,"minecraft:horse_one_cm":2193},"minecraft:dropped":{"iceandfire:crackled_gravel":1,"iceandfire:copper_nugget":4,"iceandfire:bestiary":2,"iceandfire:chared_grass":1,"minecraft:written_book":1,"iceandfire:dragonbone":2,"iceandfire:amythest_gem":8},"minecraft:picked_up":{"minecraft:crafting_table":5,"minecraft:cooked_beef":5,"minecraft:andesite":5,"iceandfire:fire_lily":1,"minecraft:leather":3,"minecraft:oak_log":4,"iceandfire:armor_copper_metal_helmet":1,"iceandfire:manuscript":5,"minecraft:blue_bed":1,"minecraft:dirt":46,"minecraft:flint_and_steel":1,"minecraft:iron_leggings":1,"minecraft:cooked_mutton":10,"minecraft:bone":7,"iceandfire:amythest_gem":7,"iceandfire:bestiary":2,"minecraft:gold_nugget":14,"iceandfire:frost_lily":1,"minecraft:beef":3,"minecraft:iron_ingot":17,"minecraft:cobweb":3,"minecraft:written_book":1,"minecraft:melon_slice":8,"minecraft:chest":10,"iceandfire:copper_nugget":15,"iceandfire:dragonbone":5,"iceandfire:chared_grass":1,"minecraft:sand":9,"iceandfire:crackled_gravel":2,"iceandfire:stymphalian_bird_feather":24,"iceandfire:armor_copper_metal_boots":1,"minecraft:arrow":1,"minecraft:rotten_flesh":4,"minecraft:diamond":2,"minecraft:hay_block":6,"minecraft:oak_sapling":1,"minecraft:netherrack":7,"minecraft:mutton":1,"minecraft:obsidian":1,"minecraft:snowball":2,"minecraft:white_wool":2,"minecraft:cobblestone":21},"minecraft:mined":{"iceandfire:copper_pile":1,"minecraft:crafting_table":5,"minecraft:grass_block":13,"minecraft:melon":2,"minecraft:chest":10,"iceandfire:fire_lily":1,"minecraft:tall_grass":2,"minecraft:blue_bed":1,"iceandfire:chared_grass":1,"minecraft:fire":1,"minecraft:andesite":3,"minecraft:birch_leaves":1,"minecraft:grass":10,"minecraft:oak_log":4,"minecraft:sand":3,"minecraft:dirt":30,"iceandfire:frost_lily":1,"minecraft:stone":9,"minecraft:netherrack":7,"minecraft:oak_leaves":2},"minecraft:crafted":{"iceandfire:copper_ingot":3,"minecraft:oak_planks":16,"minecraft:crafting_table":1,"minecraft:iron_chestplate":1,"minecraft:shield":1,"minecraft:stick":4,"minecraft:iron_pickaxe":1,"minecraft:stone_pickaxe":1}},"DataVersion":2586}