{"stats":{"minecraft:killed":{"minecraft:pig":12,"minecraft:spider":1,"minecraft:sheep":13,"minecraft:horse":1,"minecraft:zombie":2,"minecraft:cow":4,"minecraft:enderman":2},"minecraft:used":{"minecraft:stone_sword":46,"minecraft:flint_and_steel":33,"minecraft:stone_pickaxe":54,"minecraft:stone_shovel":134,"minecraft:wooden_pickaxe":3,"minecraft:dirt":20,"minecraft:crafting_table":6,"minecraft:white_bed":2,"minecraft:stone_axe":152,"minecraft:written_book":1,"minecraft:furnace":2,"minecraft:cooked_porkchop":6,"minecraft:oak_boat":3},"minecraft:picked_up":{"minecraft:crafting_table":6,"minecraft:cooked_beef":11,"iceandfire:copper_ore":1,"minecraft:andesite":2,"minecraft:leather":7,"minecraft:flint":5,"minecraft:oak_log":70,"minecraft:lily_pad":16,"minecraft:dirt":91,"minecraft:string":1,"minecraft:flint_and_steel":1,"minecraft:cooked_mutton":18,"minecraft:apple":1,"minecraft:wheat_seeds":6,"minecraft:beef":2,"minecraft:oak_boat":3,"minecraft:iron_ore":1,"minecraft:written_book":1,"minecraft:sugar_cane":48,"minecraft:furnace":2,"minecraft:cooked_porkchop":20,"minecraft:gravel":36,"minecraft:porkchop":7,"minecraft:sand":1,"minecraft:white_bed":1,"minecraft:rotten_flesh":3,"minecraft:obsidian":1,"minecraft:coal":29,"minecraft:white_wool":14,"minecraft:cobblestone":22,"minecraft:ender_pearl":2},"minecraft:broken":{"minecraft:stone_axe":1,"minecraft:stone_shovel":1},"minecraft:dropped":{"minecraft:wheat_seeds":5,"minecraft:rotten_flesh":3,"iceandfire:copper_ore":1,"minecraft:stick":1,"minecraft:andesite":2,"minecraft:wooden_pickaxe":1,"minecraft:sand":1,"minecraft:string":1,"minecraft:lily_pad":16},"minecraft:crafted":{"minecraft:oak_planks":28,"minecraft:stone_shovel":2,"minecraft:cooked_porkchop":7,"minecraft:crafting_table":1,"minecraft:wooden_pickaxe":1,"minecraft:furnace":1,"minecraft:stone_axe":2,"minecraft:air":0,"minecraft:oak_boat":1,"minecraft:stick":16,"minecraft:stone_pickaxe":1,"minecraft:stone_sword":1,"minecraft:white_bed":1},"minecraft:custom":{"minecraft:interact_with_furnace":12,"minecraft:mob_kills":37,"minecraft:interact_with_crafting_table":7,"minecraft:play_one_minute":33024,"minecraft:leave_game":4,"minecraft:time_since_death":33024,"minecraft:sleep_in_bed":1,"minecraft:climb_one_cm":672,"minecraft:time_since_rest":3021,"minecraft:sprint_one_cm":104362,"minecraft:damage_taken":410,"minecraft:walk_one_cm":45325,"minecraft:drop":12,"minecraft:damage_dealt":3828,"minecraft:swim_one_cm":4873,"minecraft:fly_one_cm":119015,"minecraft:crouch_one_cm":1675,"minecraft:sneak_time":1155,"minecraft:walk_under_water_one_cm":608,"minecraft:boat_one_cm":46988,"minecraft:jump":572,"minecraft:walk_on_water_one_cm":4797,"minecraft:fall_one_cm":13914},"minecraft:mined":{"minecraft:white_bed":1,"minecraft:crafting_table":6,"minecraft:grass_block":43,"minecraft:poppy":1,"minecraft:tall_grass":8,"minecraft:sugar_cane":20,"minecraft:furnace":2,"iceandfire:copper_ore":1,"minecraft:iron_ore":1,"minecraft:fire":43,"minecraft:andesite":2,"minecraft:grass":41,"minecraft:oak_log":71,"minecraft:coal_ore":29,"minecraft:dirt":48,"minecraft:gravel":41,"minecraft:sand":1,"minecraft:stone":22,"minecraft:oak_leaves":6}},"DataVersion":2586}