{"stats":{"minecraft:killed_by":{"iceandfire:fire_dragon":1},"minecraft:broken":{"minecraft:stone_pickaxe":1,"minecraft:stone_axe":1,"minecraft:iron_pickaxe":2,"minecraft:stone_shovel":2},"minecraft:dropped":{"minecraft:porkchop":3,"minecraft:wheat_seeds":33,"minecraft:lapis_lazuli":7,"minecraft:oak_log":6,"minecraft:cobblestone":456,"minecraft:granite":40,"minecraft:rail":2,"minecraft:stick":6,"minecraft:diorite":16,"minecraft:snowball":1,"minecraft:sand":1,"minecraft:string":1,"minecraft:lily_pad":16,"minecraft:bone":8,"iceandfire:dragonbone":2,"minecraft:gravel":10,"minecraft:stone_axe":2,"minecraft:golden_chestplate":1,"minecraft:stone_sword":2,"minecraft:stone_shovel":1,"minecraft:rotten_flesh":12,"minecraft:oak_planks":4,"minecraft:cooked_mutton":9,"iceandfire:copper_ore":1,"minecraft:andesite":22,"minecraft:wooden_pickaxe":1,"minecraft:arrow":4,"minecraft:stone_pickaxe":3,"minecraft:written_book":2},"minecraft:killed":{"minecraft:spider":2,"minecraft:horse":5,"minecraft:skeleton":6,"minecraft:pig":21,"minecraft:iron_golem":1,"minecraft:sheep":17,"minecraft:zombie":12,"minecraft:cow":9,"minecraft:enderman":2},"minecraft:used":{"minecraft:enchanting_table":2,"minecraft:stone_sword":191,"minecraft:flint_and_steel":60,"minecraft:stone_shovel":525,"minecraft:chest":2,"minecraft:shield":25,"minecraft:torch":21,"minecraft:dirt":366,"minecraft:lava_bucket":18,"minecraft:written_book":1,"minecraft:furnace":12,"minecraft:water_bucket":25,"minecraft:stone_pickaxe":335,"minecraft:wooden_pickaxe":3,"minecraft:crafting_table":14,"minecraft:white_bed":12,"minecraft:oak_log":2,"minecraft:diamond_pickaxe":297,"minecraft:iron_pickaxe":653,"minecraft:stone_axe":218,"minecraft:cobblestone":5,"minecraft:cooked_porkchop":44,"minecraft:andesite":1,"minecraft:bucket":43,"minecraft:oak_boat":8},"minecraft:picked_up":{"minecraft:crafting_table":14,"minecraft:iron_chestplate":2,"minecraft:anvil":1,"iceandfire:copper_ore":1,"minecraft:smithing_table":1,"minecraft:shield":1,"minecraft:string":1,"minecraft:flint_and_steel":1,"minecraft:iron_leggings":1,"iceandfire:bestiary":1,"minecraft:bucket":1,"minecraft:beef":3,"minecraft:oak_boat":8,"minecraft:written_book":2,"minecraft:iron_pickaxe":1,"minecraft:sugar_cane":66,"minecraft:iron_boots":1,"minecraft:furnace":5,"iceandfire:dragonbone":2,"minecraft:torch":17,"minecraft:porkchop":13,"minecraft:diorite":16,"iceandfire:armor_copper_metal_boots":1,"minecraft:redstone":128,"minecraft:stone_sword":1,"minecraft:arrow":7,"minecraft:stone_shovel":1,"minecraft:rotten_flesh":14,"minecraft:hay_block":62,"minecraft:gold_ingot":21,"minecraft:obsidian":5,"minecraft:rail":2,"minecraft:snowball":1,"minecraft:white_wool":17,"minecraft:cobblestone":1136,"minecraft:enchanting_table":3,"minecraft:cooked_beef":40,"minecraft:andesite":23,"minecraft:leather":13,"minecraft:flint":9,"minecraft:oak_log":115,"minecraft:lily_pad":16,"minecraft:lapis_lazuli":99,"minecraft:dirt":526,"minecraft:cooked_mutton":35,"minecraft:bone":14,"minecraft:apple":1,"minecraft:wheat_seeds":33,"minecraft:stone_pickaxe":1,"minecraft:iron_ingot":73,"minecraft:iron_ore":156,"minecraft:cooked_porkchop":41,"minecraft:gravel":46,"minecraft:sand":1,"iceandfire:stymphalian_bird_feather":88,"minecraft:white_bed":10,"minecraft:gold_ore":31,"minecraft:stone_axe":1,"minecraft:diamond":5,"minecraft:iron_helmet":1,"minecraft:granite":40,"minecraft:coal":294,"minecraft:diamond_pickaxe":1,"minecraft:ender_pearl":2},"minecraft:crafted":{"minecraft:oak_planks":76,"minecraft:stone_shovel":6,"minecraft:furnace":7,"minecraft:iron_boots":1,"minecraft:stone_pickaxe":3,"minecraft:chest":2,"minecraft:cooked_porkchop":10,"minecraft:crafting_table":2,"minecraft:enchanting_table":1,"minecraft:iron_helmet":1,"minecraft:wooden_pickaxe":1,"minecraft:bucket":1,"minecraft:stone_axe":4,"minecraft:air":0,"minecraft:oak_boat":1,"minecraft:book":1,"minecraft:paper":3,"minecraft:diamond_pickaxe":1,"minecraft:shield":1,"minecraft:stick":52,"minecraft:iron_ingot":85,"minecraft:iron_pickaxe":3,"minecraft:stone_sword":3,"minecraft:iron_block":3,"minecraft:iron_leggings":1,"minecraft:gold_ingot":21,"minecraft:anvil":1,"minecraft:white_bed":2,"minecraft:torch":36},"minecraft:mined":{"minecraft:diamond_ore":4,"minecraft:white_bed":10,"minecraft:obsidian":4,"minecraft:granite":42,"minecraft:grass_block":174,"minecraft:hay_block":65,"minecraft:redstone_ore":12,"minecraft:furnace":5,"iceandfire:copper_ore":1,"minecraft:iron_ore":110,"minecraft:fire":72,"minecraft:snow":1,"minecraft:andesite":52,"minecraft:enchanting_table":2,"minecraft:stone":861,"minecraft:smithing_table":1,"minecraft:crafting_table":13,"minecraft:poppy":1,"minecraft:tall_grass":18,"minecraft:cobblestone":1,"minecraft:lapis_ore":4,"minecraft:sugar_cane":28,"minecraft:diorite":23,"minecraft:wheat":2,"minecraft:grass":164,"minecraft:oak_log":72,"minecraft:coal_ore":140,"minecraft:gravel":49,"minecraft:sand":15,"minecraft:dirt":281,"minecraft:cobweb":1,"minecraft:gold_ore":27,"minecraft:oak_leaves":6},"minecraft:custom":{"minecraft:mob_kills":83,"minecraft:interact_with_crafting_table":44,"minecraft:leave_game":9,"minecraft:time_since_death":7998,"minecraft:climb_one_cm":1124,"minecraft:sprint_one_cm":553609,"minecraft:walk_one_cm":239566,"minecraft:drop":73,"minecraft:talked_to_villager":1,"minecraft:deaths":2,"minecraft:sneak_time":20046,"minecraft:walk_under_water_one_cm":4218,"minecraft:boat_one_cm":218206,"minecraft:jump":3968,"minecraft:walk_on_water_one_cm":22120,"minecraft:enchant_item":2,"minecraft:interact_with_furnace":55,"minecraft:play_one_minute":220333,"minecraft:sleep_in_bed":7,"minecraft:time_since_rest":8023,"minecraft:damage_taken":3185,"minecraft:damage_dealt":11988,"minecraft:swim_one_cm":20652,"minecraft:fly_one_cm":930806,"minecraft:open_chest":18,"minecraft:crouch_one_cm":34620,"minecraft:fall_one_cm":108087}},"DataVersion":2586}