{"stats":{"minecraft:used":{"minecraft:enchanting_table":2,"minecraft:stone_sword":118,"minecraft:flint_and_steel":60,"minecraft:stone_shovel":513,"minecraft:chest":2,"minecraft:shield":7,"minecraft:torch":17,"minecraft:dirt":311,"minecraft:lava_bucket":18,"minecraft:written_book":1,"minecraft:furnace":12,"minecraft:water_bucket":24,"minecraft:stone_pickaxe":335,"minecraft:wooden_pickaxe":3,"minecraft:crafting_table":14,"minecraft:white_bed":12,"minecraft:oak_log":2,"minecraft:diamond_pickaxe":6,"minecraft:iron_pickaxe":475,"minecraft:stone_axe":201,"minecraft:cooked_porkchop":36,"minecraft:bucket":43,"minecraft:oak_boat":8},"minecraft:killed":{"minecraft:spider":2,"minecraft:horse":5,"minecraft:skeleton":1,"minecraft:pig":21,"minecraft:iron_golem":1,"minecraft:sheep":17,"minecraft:zombie":6,"minecraft:enderman":2,"minecraft:cow":9},"minecraft:custom":{"minecraft:mob_kills":70,"minecraft:interact_with_crafting_table":44,"minecraft:leave_game":8,"minecraft:time_since_death":189901,"minecraft:climb_one_cm":1124,"minecraft:sprint_one_cm":504504,"minecraft:walk_one_cm":205981,"minecraft:drop":53,"minecraft:talked_to_villager":1,"minecraft:sneak_time":15683,"minecraft:walk_under_water_one_cm":4103,"minecraft:boat_one_cm":218206,"minecraft:jump":3850,"minecraft:walk_on_water_one_cm":20945,"minecraft:enchant_item":2,"minecraft:interact_with_furnace":55,"minecraft:play_one_minute":189901,"minecraft:sleep_in_bed":7,"minecraft:time_since_rest":44658,"minecraft:damage_taken":2011,"minecraft:damage_dealt":8568,"minecraft:swim_one_cm":20645,"minecraft:fly_one_cm":925963,"minecraft:open_chest":18,"minecraft:crouch_one_cm":25115,"minecraft:fall_one_cm":107129},"minecraft:dropped":{"minecraft:porkchop":3,"minecraft:wheat_seeds":33,"minecraft:lapis_lazuli":7,"minecraft:oak_log":6,"minecraft:cobblestone":54,"minecraft:granite":22,"minecraft:stick":6,"minecraft:diorite":16,"minecraft:snowball":1,"minecraft:sand":1,"minecraft:string":1,"minecraft:lily_pad":16,"iceandfire:dragonbone":2,"minecraft:gravel":10,"minecraft:stone_axe":2,"minecraft:golden_chestplate":1,"minecraft:stone_sword":2,"minecraft:stone_shovel":1,"minecraft:rotten_flesh":8,"minecraft:oak_planks":4,"minecraft:cooked_mutton":9,"iceandfire:copper_ore":1,"minecraft:andesite":21,"minecraft:arrow":1,"minecraft:stone_pickaxe":3,"minecraft:wooden_pickaxe":1,"minecraft:written_book":1},"minecraft:picked_up":{"minecraft:crafting_table":13,"minecraft:iron_chestplate":1,"iceandfire:copper_ore":1,"minecraft:smithing_table":1,"minecraft:string":1,"minecraft:flint_and_steel":1,"iceandfire:bestiary":1,"minecraft:beef":3,"minecraft:oak_boat":8,"minecraft:written_book":1,"minecraft:sugar_cane":66,"minecraft:furnace":5,"iceandfire:dragonbone":2,"minecraft:torch":1,"minecraft:porkchop":13,"minecraft:diorite":16,"iceandfire:armor_copper_metal_boots":1,"minecraft:redstone":43,"minecraft:arrow":1,"minecraft:rotten_flesh":8,"minecraft:hay_block":59,"minecraft:obsidian":5,"minecraft:snowball":1,"minecraft:white_wool":17,"minecraft:cobblestone":490,"minecraft:enchanting_table":2,"minecraft:cooked_beef":20,"minecraft:andesite":21,"minecraft:leather":13,"minecraft:flint":7,"minecraft:oak_log":71,"minecraft:lily_pad":16,"minecraft:dirt":428,"minecraft:lapis_lazuli":30,"minecraft:cooked_mutton":22,"minecraft:apple":1,"minecraft:wheat_seeds":33,"minecraft:stone_pickaxe":1,"minecraft:iron_ingot":24,"minecraft:iron_ore":58,"minecraft:cooked_porkchop":36,"minecraft:gravel":46,"minecraft:sand":1,"iceandfire:stymphalian_bird_feather":88,"minecraft:white_bed":10,"minecraft:gold_ore":28,"minecraft:diamond":5,"minecraft:granite":22,"minecraft:coal":262,"minecraft:ender_pearl":2},"minecraft:broken":{"minecraft:stone_pickaxe":1,"minecraft:stone_axe":1,"minecraft:iron_pickaxe":1,"minecraft:stone_shovel":2},"minecraft:crafted":{"minecraft:oak_planks":76,"minecraft:stone_shovel":5,"minecraft:furnace":7,"minecraft:iron_boots":1,"minecraft:stone_pickaxe":3,"minecraft:chest":2,"minecraft:cooked_porkchop":10,"minecraft:crafting_table":2,"minecraft:enchanting_table":1,"minecraft:wooden_pickaxe":1,"minecraft:iron_helmet":1,"minecraft:bucket":1,"minecraft:stone_axe":4,"minecraft:air":0,"minecraft:oak_boat":1,"minecraft:book":1,"minecraft:paper":3,"minecraft:diamond_pickaxe":1,"minecraft:shield":1,"minecraft:stick":52,"minecraft:iron_ingot":85,"minecraft:iron_pickaxe":3,"minecraft:stone_sword":3,"minecraft:gold_ingot":21,"minecraft:iron_leggings":1,"minecraft:white_bed":2,"minecraft:torch":36},"minecraft:mined":{"minecraft:diamond_ore":4,"minecraft:white_bed":10,"minecraft:obsidian":4,"minecraft:granite":22,"minecraft:grass_block":173,"minecraft:hay_block":65,"minecraft:redstone_ore":7,"minecraft:furnace":5,"iceandfire:copper_ore":1,"minecraft:iron_ore":61,"minecraft:fire":72,"minecraft:snow":1,"minecraft:andesite":27,"minecraft:enchanting_table":2,"minecraft:stone":526,"minecraft:smithing_table":1,"minecraft:crafting_table":13,"minecraft:poppy":1,"minecraft:tall_grass":18,"minecraft:cobblestone":1,"minecraft:sugar_cane":28,"minecraft:diorite":13,"minecraft:wheat":2,"minecraft:grass":164,"minecraft:coal_ore":123,"minecraft:oak_log":72,"minecraft:dirt":265,"minecraft:sand":15,"minecraft:gravel":49,"minecraft:gold_ore":23,"minecraft:oak_leaves":6}},"DataVersion":2586}