{"stats":{"minecraft:killed_by":{"iceandfire:fire_dragon":1},"minecraft:broken":{"minecraft:stone_pickaxe":1,"minecraft:stone_axe":1,"minecraft:iron_pickaxe":5,"minecraft:iron_helmet":1,"minecraft:stone_shovel":2},"minecraft:dropped":{"minecraft:porkchop":3,"minecraft:wheat_seeds":33,"minecraft:lapis_lazuli":8,"minecraft:cooked_beef":1,"minecraft:oak_log":6,"minecraft:iron_helmet":1,"minecraft:cobblestone":815,"minecraft:granite":73,"minecraft:rail":2,"minecraft:stick":9,"minecraft:dirt":12,"minecraft:diorite":56,"minecraft:snowball":1,"minecraft:iron_leggings":1,"minecraft:sand":1,"minecraft:iron_pickaxe":2,"minecraft:string":1,"minecraft:lily_pad":16,"iceandfire:dragonbone":2,"minecraft:bone":18,"minecraft:gravel":11,"minecraft:stone_axe":3,"minecraft:golden_chestplate":1,"minecraft:stone_sword":3,"minecraft:stone_shovel":1,"minecraft:rotten_flesh":14,"minecraft:iron_boots":1,"minecraft:oak_planks":4,"minecraft:glowstone_dust":2,"minecraft:cooked_mutton":9,"iceandfire:copper_ore":2,"minecraft:iron_chestplate":1,"minecraft:andesite":22,"minecraft:wooden_pickaxe":1,"minecraft:stone_pickaxe":3,"minecraft:arrow":5,"minecraft:written_book":2},"minecraft:killed":{"minecraft:witch":1,"minecraft:spider":2,"minecraft:horse":5,"minecraft:skeleton":11,"minecraft:pig":21,"minecraft:iron_golem":1,"minecraft:bat":1,"minecraft:sheep":17,"minecraft:zombie":19,"minecraft:enderman":2,"minecraft:cow":9},"minecraft:used":{"minecraft:stone_sword":191,"minecraft:flint_and_steel":60,"minecraft:enchanting_table":9,"minecraft:stone_shovel":635,"minecraft:chest":2,"minecraft:shield":59,"minecraft:iron_sword":34,"minecraft:torch":39,"minecraft:dirt":462,"minecraft:anvil":3,"minecraft:granite":6,"minecraft:lava_bucket":18,"minecraft:iron_axe":59,"minecraft:written_book":1,"minecraft:furnace":12,"minecraft:cooked_beef":4,"minecraft:cooked_mutton":13,"minecraft:water_bucket":62,"minecraft:stone_pickaxe":335,"minecraft:wooden_pickaxe":3,"minecraft:crafting_table":23,"minecraft:white_bed":12,"minecraft:oak_log":2,"minecraft:diamond_pickaxe":4552,"minecraft:iron_pickaxe":1403,"minecraft:bread":2,"minecraft:stone_axe":218,"minecraft:cobblestone":274,"minecraft:cooked_porkchop":46,"minecraft:andesite":1,"minecraft:bucket":81,"minecraft:oak_boat":8},"minecraft:picked_up":{"minecraft:crafting_table":21,"minecraft:iron_chestplate":2,"minecraft:anvil":3,"iceandfire:copper_ore":2,"minecraft:smithing_table":1,"minecraft:shield":1,"minecraft:string":1,"minecraft:flint_and_steel":1,"minecraft:iron_leggings":1,"iceandfire:bestiary":1,"minecraft:bucket":1,"minecraft:beef":3,"minecraft:oak_boat":8,"minecraft:written_book":2,"minecraft:iron_pickaxe":2,"minecraft:sugar_cane":66,"minecraft:iron_boots":1,"minecraft:furnace":9,"iceandfire:dragonbone":2,"minecraft:torch":22,"minecraft:porkchop":13,"minecraft:diorite":56,"iceandfire:armor_copper_metal_boots":1,"minecraft:redstone":187,"minecraft:stone_sword":1,"minecraft:arrow":14,"minecraft:stone_shovel":1,"minecraft:rotten_flesh":17,"minecraft:hay_block":62,"minecraft:gold_ingot":21,"minecraft:obsidian":69,"minecraft:snowball":1,"minecraft:rail":2,"minecraft:white_wool":17,"minecraft:cobblestone":1849,"minecraft:enchanting_table":10,"minecraft:cooked_beef":40,"minecraft:andesite":23,"minecraft:leather":13,"minecraft:flint":20,"minecraft:oak_log":115,"minecraft:lily_pad":16,"minecraft:lapis_lazuli":286,"minecraft:dirt":549,"minecraft:cooked_mutton":35,"minecraft:chipped_anvil":1,"minecraft:bone":22,"minecraft:apple":1,"minecraft:wheat_seeds":33,"minecraft:stone_pickaxe":1,"minecraft:iron_ingot":73,"minecraft:iron_ore":278,"minecraft:glowstone_dust":4,"minecraft:cooked_porkchop":41,"minecraft:gravel":47,"minecraft:sand":1,"iceandfire:stymphalian_bird_feather":88,"minecraft:white_bed":10,"minecraft:gold_ore":92,"minecraft:diamond":35,"minecraft:stone_axe":1,"minecraft:iron_helmet":1,"minecraft:granite":128,"minecraft:emerald":3,"minecraft:coal":376,"minecraft:ender_pearl":2,"minecraft:diamond_pickaxe":1},"minecraft:crafted":{"minecraft:oak_planks":96,"minecraft:stone_shovel":6,"minecraft:furnace":7,"minecraft:diamond_helmet":1,"minecraft:diamond_leggings":1,"minecraft:iron_boots":3,"minecraft:iron_axe":1,"minecraft:stone_pickaxe":3,"minecraft:chest":2,"minecraft:cooked_porkchop":10,"minecraft:crafting_table":4,"minecraft:enchanting_table":1,"minecraft:iron_helmet":2,"minecraft:wooden_pickaxe":1,"minecraft:iron_sword":1,"minecraft:bucket":1,"minecraft:stone_axe":4,"minecraft:air":0,"minecraft:oak_boat":1,"minecraft:iron_chestplate":1,"minecraft:book":1,"minecraft:paper":3,"minecraft:diamond_pickaxe":1,"minecraft:shield":2,"minecraft:stick":64,"minecraft:iron_ingot":149,"minecraft:iron_pickaxe":6,"minecraft:iron_block":3,"minecraft:stone_sword":3,"minecraft:iron_leggings":2,"minecraft:gold_ingot":21,"minecraft:anvil":1,"minecraft:white_bed":2,"minecraft:torch":36,"minecraft:diamond_chestplate":1},"minecraft:mined":{"minecraft:diamond_ore":34,"minecraft:white_bed":10,"iceandfire:silver_ore":5,"minecraft:obsidian":69,"minecraft:granite":251,"minecraft:grass_block":174,"minecraft:hay_block":65,"minecraft:redstone_ore":38,"minecraft:furnace":9,"iceandfire:copper_ore":2,"minecraft:iron_ore":249,"minecraft:fire":72,"minecraft:snow":1,"minecraft:andesite":237,"minecraft:anvil":2,"minecraft:enchanting_table":9,"minecraft:stone":4796,"minecraft:smithing_table":1,"minecraft:crafting_table":22,"minecraft:torch":4,"minecraft:emerald_ore":4,"minecraft:poppy":1,"minecraft:tall_grass":18,"minecraft:cobblestone":32,"minecraft:lapis_ore":46,"minecraft:sugar_cane":28,"minecraft:diorite":187,"minecraft:wall_torch":1,"minecraft:wheat":2,"minecraft:grass":164,"minecraft:oak_log":72,"minecraft:coal_ore":222,"minecraft:gravel":116,"minecraft:sand":15,"minecraft:dirt":336,"minecraft:cobweb":1,"minecraft:chipped_anvil":1,"minecraft:gold_ore":95,"minecraft:oak_leaves":6},"minecraft:custom":{"minecraft:interact_with_anvil":3,"minecraft:mob_kills":99,"minecraft:interact_with_crafting_table":58,"minecraft:leave_game":15,"minecraft:time_since_death":173013,"minecraft:climb_one_cm":1124,"minecraft:sprint_one_cm":913857,"minecraft:walk_one_cm":451996,"minecraft:drop":123,"minecraft:talked_to_villager":1,"minecraft:deaths":2,"minecraft:sneak_time":38580,"minecraft:walk_under_water_one_cm":5900,"minecraft:boat_one_cm":218206,"minecraft:jump":5147,"minecraft:walk_on_water_one_cm":40681,"minecraft:enchant_item":10,"minecraft:interact_with_furnace":92,"minecraft:play_one_minute":385348,"minecraft:sleep_in_bed":7,"minecraft:time_since_rest":13727,"minecraft:damage_taken":4325,"minecraft:damage_dealt":16163,"minecraft:swim_one_cm":23514,"minecraft:fly_one_cm":1054711,"minecraft:open_chest":28,"minecraft:crouch_one_cm":75565,"minecraft:fall_one_cm":119506}},"DataVersion":2586}