{"stats":{"minecraft:used":{"minecraft:water_bucket":11,"minecraft:stone_sword":107,"minecraft:flint_and_steel":60,"minecraft:stone_pickaxe":252,"minecraft:stone_shovel":485,"minecraft:chest":2,"minecraft:shield":4,"minecraft:wooden_pickaxe":3,"minecraft:torch":4,"minecraft:dirt":260,"minecraft:crafting_table":11,"minecraft:white_bed":12,"minecraft:oak_log":2,"minecraft:lava_bucket":18,"minecraft:stone_axe":198,"minecraft:written_book":1,"minecraft:furnace":6,"minecraft:cooked_porkchop":33,"minecraft:bucket":30,"minecraft:oak_boat":8},"minecraft:killed":{"minecraft:pig":21,"minecraft:iron_golem":1,"minecraft:spider":2,"minecraft:sheep":17,"minecraft:horse":5,"minecraft:zombie":5,"minecraft:enderman":2,"minecraft:cow":9},"minecraft:custom":{"minecraft:interact_with_furnace":23,"minecraft:mob_kills":69,"minecraft:interact_with_crafting_table":36,"minecraft:play_one_minute":153901,"minecraft:leave_game":8,"minecraft:time_since_death":153901,"minecraft:sleep_in_bed":7,"minecraft:climb_one_cm":1124,"minecraft:time_since_rest":8658,"minecraft:sprint_one_cm":430554,"minecraft:damage_taken":1917,"minecraft:walk_one_cm":172874,"minecraft:drop":39,"minecraft:damage_dealt":8146,"minecraft:swim_one_cm":19433,"minecraft:talked_to_villager":1,"minecraft:fly_one_cm":886623,"minecraft:open_chest":17,"minecraft:crouch_one_cm":14028,"minecraft:sneak_time":9298,"minecraft:walk_under_water_one_cm":3022,"minecraft:boat_one_cm":218206,"minecraft:jump":3527,"minecraft:walk_on_water_one_cm":12714,"minecraft:fall_one_cm":103057},"minecraft:dropped":{"minecraft:stone_axe":2,"minecraft:porkchop":3,"minecraft:wheat_seeds":32,"minecraft:golden_chestplate":1,"minecraft:stone_sword":2,"minecraft:stone_shovel":1,"minecraft:cobblestone":1,"minecraft:rotten_flesh":8,"minecraft:oak_planks":4,"minecraft:cooked_mutton":9,"iceandfire:copper_ore":1,"minecraft:stick":4,"minecraft:andesite":8,"minecraft:snowball":1,"minecraft:sand":1,"minecraft:wooden_pickaxe":1,"minecraft:stone_pickaxe":3,"minecraft:string":1,"minecraft:written_book":1,"minecraft:lily_pad":16,"iceandfire:dragonbone":2},"minecraft:picked_up":{"minecraft:iron_chestplate":1,"minecraft:crafting_table":10,"minecraft:cooked_beef":20,"iceandfire:copper_ore":1,"minecraft:andesite":8,"minecraft:smithing_table":1,"minecraft:leather":13,"minecraft:flint":5,"minecraft:oak_log":71,"minecraft:lily_pad":16,"minecraft:dirt":408,"minecraft:string":1,"minecraft:flint_and_steel":1,"minecraft:cooked_mutton":22,"minecraft:apple":1,"iceandfire:bestiary":1,"minecraft:wheat_seeds":32,"minecraft:iron_ingot":24,"minecraft:beef":3,"minecraft:stone_pickaxe":1,"minecraft:oak_boat":8,"minecraft:iron_ore":10,"minecraft:written_book":1,"minecraft:sugar_cane":66,"minecraft:furnace":5,"iceandfire:dragonbone":2,"minecraft:cooked_porkchop":36,"minecraft:gravel":36,"minecraft:porkchop":13,"minecraft:sand":1,"iceandfire:stymphalian_bird_feather":88,"minecraft:white_bed":10,"iceandfire:armor_copper_metal_boots":1,"minecraft:diamond":2,"minecraft:rotten_flesh":8,"minecraft:hay_block":59,"minecraft:obsidian":1,"minecraft:coal":216,"minecraft:snowball":1,"minecraft:white_wool":17,"minecraft:cobblestone":97,"minecraft:ender_pearl":2},"minecraft:broken":{"minecraft:stone_axe":1,"minecraft:stone_shovel":2},"minecraft:crafted":{"minecraft:oak_planks":68,"minecraft:stone_shovel":5,"minecraft:cooked_porkchop":10,"minecraft:crafting_table":1,"minecraft:iron_helmet":1,"minecraft:wooden_pickaxe":1,"minecraft:furnace":1,"minecraft:bucket":1,"minecraft:stone_axe":4,"minecraft:air":0,"minecraft:oak_boat":1,"minecraft:iron_boots":1,"minecraft:book":1,"minecraft:paper":3,"minecraft:shield":1,"minecraft:stick":44,"minecraft:iron_ingot":3,"minecraft:iron_pickaxe":1,"minecraft:stone_pickaxe":3,"minecraft:stone_sword":3,"minecraft:chest":2,"minecraft:iron_leggings":1,"minecraft:white_bed":2,"minecraft:torch":8},"minecraft:mined":{"minecraft:smithing_table":1,"minecraft:white_bed":10,"minecraft:crafting_table":10,"minecraft:grass_block":167,"minecraft:poppy":1,"minecraft:tall_grass":18,"minecraft:sugar_cane":28,"minecraft:hay_block":65,"minecraft:furnace":5,"iceandfire:copper_ore":1,"minecraft:snow":1,"minecraft:wheat":2,"minecraft:iron_ore":10,"minecraft:fire":72,"minecraft:andesite":10,"minecraft:grass":164,"minecraft:oak_log":72,"minecraft:coal_ore":119,"minecraft:gravel":41,"minecraft:sand":15,"minecraft:dirt":251,"minecraft:stone":110,"minecraft:oak_leaves":6}},"DataVersion":2586}