{"stats":{"minecraft:used":{"minecraft:water_bucket":15,"minecraft:stone_sword":113,"minecraft:flint_and_steel":60,"minecraft:stone_pickaxe":335,"minecraft:stone_shovel":504,"minecraft:chest":2,"minecraft:shield":7,"minecraft:wooden_pickaxe":3,"minecraft:torch":9,"minecraft:dirt":275,"minecraft:crafting_table":11,"minecraft:white_bed":12,"minecraft:oak_log":2,"minecraft:lava_bucket":18,"minecraft:iron_pickaxe":225,"minecraft:stone_axe":198,"minecraft:written_book":1,"minecraft:furnace":6,"minecraft:cooked_porkchop":35,"minecraft:bucket":34,"minecraft:oak_boat":8},"minecraft:killed":{"minecraft:pig":21,"minecraft:iron_golem":1,"minecraft:spider":2,"minecraft:sheep":17,"minecraft:horse":5,"minecraft:skeleton":1,"minecraft:zombie":5,"minecraft:enderman":2,"minecraft:cow":9},"minecraft:custom":{"minecraft:interact_with_furnace":23,"minecraft:mob_kills":70,"minecraft:interact_with_crafting_table":36,"minecraft:play_one_minute":165901,"minecraft:leave_game":8,"minecraft:time_since_death":165901,"minecraft:sleep_in_bed":7,"minecraft:climb_one_cm":1124,"minecraft:time_since_rest":20658,"minecraft:sprint_one_cm":455973,"minecraft:damage_taken":2003,"minecraft:walk_one_cm":186540,"minecraft:drop":39,"minecraft:damage_dealt":8420,"minecraft:swim_one_cm":19433,"minecraft:talked_to_villager":1,"minecraft:fly_one_cm":898839,"minecraft:open_chest":18,"minecraft:crouch_one_cm":20522,"minecraft:sneak_time":12719,"minecraft:walk_under_water_one_cm":3022,"minecraft:boat_one_cm":218206,"minecraft:jump":3661,"minecraft:walk_on_water_one_cm":15531,"minecraft:fall_one_cm":104290},"minecraft:dropped":{"minecraft:stone_axe":2,"minecraft:porkchop":3,"minecraft:wheat_seeds":32,"minecraft:golden_chestplate":1,"minecraft:stone_sword":2,"minecraft:stone_shovel":1,"minecraft:cobblestone":1,"minecraft:rotten_flesh":8,"minecraft:oak_planks":4,"minecraft:cooked_mutton":9,"iceandfire:copper_ore":1,"minecraft:stick":4,"minecraft:andesite":8,"minecraft:snowball":1,"minecraft:sand":1,"minecraft:wooden_pickaxe":1,"minecraft:stone_pickaxe":3,"minecraft:string":1,"minecraft:written_book":1,"minecraft:lily_pad":16,"iceandfire:dragonbone":2},"minecraft:picked_up":{"minecraft:iron_chestplate":1,"minecraft:crafting_table":10,"minecraft:cooked_beef":20,"iceandfire:copper_ore":1,"minecraft:andesite":11,"minecraft:smithing_table":1,"minecraft:leather":13,"minecraft:flint":5,"minecraft:oak_log":71,"minecraft:lily_pad":16,"minecraft:dirt":427,"minecraft:string":1,"minecraft:flint_and_steel":1,"minecraft:cooked_mutton":22,"minecraft:apple":1,"iceandfire:bestiary":1,"minecraft:wheat_seeds":33,"minecraft:iron_ingot":24,"minecraft:beef":3,"minecraft:stone_pickaxe":1,"minecraft:oak_boat":8,"minecraft:iron_ore":35,"minecraft:written_book":1,"minecraft:sugar_cane":66,"minecraft:furnace":5,"iceandfire:dragonbone":2,"minecraft:cooked_porkchop":36,"minecraft:gravel":36,"minecraft:porkchop":13,"minecraft:sand":1,"iceandfire:stymphalian_bird_feather":88,"minecraft:diorite":11,"minecraft:white_bed":10,"iceandfire:armor_copper_metal_boots":1,"minecraft:gold_ore":14,"minecraft:arrow":1,"minecraft:diamond":2,"minecraft:rotten_flesh":8,"minecraft:hay_block":59,"minecraft:granite":11,"minecraft:obsidian":1,"minecraft:coal":259,"minecraft:snowball":1,"minecraft:white_wool":17,"minecraft:cobblestone":330,"minecraft:ender_pearl":2},"minecraft:broken":{"minecraft:stone_pickaxe":1,"minecraft:stone_axe":1,"minecraft:stone_shovel":2},"minecraft:crafted":{"minecraft:oak_planks":68,"minecraft:stone_shovel":5,"minecraft:cooked_porkchop":10,"minecraft:crafting_table":1,"minecraft:iron_helmet":1,"minecraft:wooden_pickaxe":1,"minecraft:furnace":1,"minecraft:bucket":1,"minecraft:stone_axe":4,"minecraft:air":0,"minecraft:oak_boat":1,"minecraft:iron_boots":1,"minecraft:book":1,"minecraft:paper":3,"minecraft:shield":1,"minecraft:stick":44,"minecraft:iron_ingot":3,"minecraft:iron_pickaxe":1,"minecraft:stone_pickaxe":3,"minecraft:stone_sword":3,"minecraft:chest":2,"minecraft:iron_leggings":1,"minecraft:white_bed":2,"minecraft:torch":36},"minecraft:mined":{"minecraft:smithing_table":1,"minecraft:white_bed":10,"minecraft:crafting_table":10,"minecraft:granite":11,"minecraft:grass_block":173,"minecraft:poppy":1,"minecraft:cobblestone":1,"minecraft:tall_grass":18,"minecraft:sugar_cane":28,"minecraft:diorite":8,"minecraft:hay_block":65,"minecraft:furnace":5,"iceandfire:copper_ore":1,"minecraft:snow":1,"minecraft:wheat":2,"minecraft:iron_ore":38,"minecraft:fire":72,"minecraft:andesite":15,"minecraft:grass":164,"minecraft:oak_log":72,"minecraft:coal_ore":120,"minecraft:gravel":41,"minecraft:sand":15,"minecraft:dirt":264,"minecraft:stone":350,"minecraft:gold_ore":14,"minecraft:oak_leaves":6}},"DataVersion":2586}