{"stats":{"minecraft:used":{"minecraft:stone_sword":46,"minecraft:flint_and_steel":33,"minecraft:stone_pickaxe":89,"minecraft:stone_shovel":272,"minecraft:wooden_pickaxe":3,"minecraft:torch":1,"minecraft:dirt":104,"minecraft:crafting_table":7,"minecraft:white_bed":3,"minecraft:oak_log":2,"minecraft:stone_axe":154,"minecraft:written_book":1,"minecraft:furnace":3,"minecraft:cooked_porkchop":15,"minecraft:oak_boat":3},"minecraft:picked_up":{"minecraft:crafting_table":7,"minecraft:cooked_beef":11,"iceandfire:copper_ore":1,"minecraft:andesite":2,"minecraft:leather":7,"minecraft:flint":5,"minecraft:oak_log":71,"minecraft:lily_pad":16,"minecraft:dirt":227,"minecraft:string":1,"minecraft:flint_and_steel":1,"minecraft:cooked_mutton":18,"minecraft:apple":1,"minecraft:wheat_seeds":23,"minecraft:iron_ingot":1,"minecraft:beef":2,"minecraft:oak_boat":3,"minecraft:iron_ore":1,"minecraft:written_book":1,"minecraft:sugar_cane":62,"minecraft:furnace":3,"minecraft:cooked_porkchop":20,"minecraft:gravel":36,"minecraft:porkchop":7,"minecraft:sand":1,"iceandfire:stymphalian_bird_feather":88,"minecraft:white_bed":3,"minecraft:rotten_flesh":3,"minecraft:obsidian":1,"minecraft:coal":29,"minecraft:white_wool":14,"minecraft:cobblestone":55,"minecraft:ender_pearl":2},"minecraft:killed":{"minecraft:pig":12,"minecraft:spider":1,"minecraft:sheep":13,"minecraft:horse":1,"minecraft:zombie":2,"minecraft:cow":4,"minecraft:enderman":2},"minecraft:dropped":{"minecraft:stone_axe":1,"minecraft:wheat_seeds":23,"minecraft:stone_sword":1,"minecraft:rotten_flesh":3,"minecraft:oak_planks":3,"iceandfire:copper_ore":1,"minecraft:stick":2,"minecraft:andesite":2,"minecraft:stone_pickaxe":1,"minecraft:sand":1,"minecraft:wooden_pickaxe":1,"minecraft:string":1,"minecraft:written_book":1,"minecraft:lily_pad":16},"minecraft:mined":{"minecraft:white_bed":3,"minecraft:crafting_table":7,"minecraft:grass_block":59,"minecraft:poppy":1,"minecraft:tall_grass":15,"minecraft:sugar_cane":26,"minecraft:furnace":3,"iceandfire:copper_ore":1,"minecraft:iron_ore":1,"minecraft:fire":43,"minecraft:andesite":2,"minecraft:grass":130,"minecraft:oak_log":72,"minecraft:coal_ore":29,"minecraft:dirt":168,"minecraft:gravel":41,"minecraft:sand":1,"minecraft:stone":56,"minecraft:oak_leaves":6},"minecraft:broken":{"minecraft:stone_axe":1,"minecraft:stone_shovel":2},"minecraft:custom":{"minecraft:interact_with_furnace":13,"minecraft:mob_kills":37,"minecraft:interact_with_crafting_table":15,"minecraft:play_one_minute":51798,"minecraft:leave_game":5,"minecraft:time_since_death":51798,"minecraft:sleep_in_bed":2,"minecraft:climb_one_cm":1091,"minecraft:time_since_rest":6722,"minecraft:sprint_one_cm":155297,"minecraft:damage_taken":1110,"minecraft:walk_one_cm":58311,"minecraft:drop":20,"minecraft:damage_dealt":3828,"minecraft:swim_one_cm":5920,"minecraft:fly_one_cm":301853,"minecraft:crouch_one_cm":1675,"minecraft:sneak_time":1177,"minecraft:walk_under_water_one_cm":722,"minecraft:boat_one_cm":46988,"minecraft:jump":1135,"minecraft:walk_on_water_one_cm":6215,"minecraft:fall_one_cm":31737},"minecraft:crafted":{"minecraft:oak_planks":32,"minecraft:stone_shovel":3,"minecraft:cooked_porkchop":7,"minecraft:crafting_table":1,"minecraft:wooden_pickaxe":1,"minecraft:furnace":1,"minecraft:stone_axe":3,"minecraft:air":0,"minecraft:oak_boat":1,"minecraft:book":1,"minecraft:paper":3,"minecraft:stick":24,"minecraft:stone_pickaxe":2,"minecraft:stone_sword":2,"minecraft:white_bed":1,"minecraft:torch":8}},"DataVersion":2586}