{"stats":{"minecraft:used":{"minecraft:enchanting_table":1,"minecraft:water_bucket":24,"minecraft:stone_sword":118,"minecraft:flint_and_steel":60,"minecraft:stone_pickaxe":335,"minecraft:stone_shovel":508,"minecraft:chest":2,"minecraft:shield":7,"minecraft:wooden_pickaxe":3,"minecraft:torch":15,"minecraft:dirt":311,"minecraft:crafting_table":14,"minecraft:white_bed":12,"minecraft:oak_log":2,"minecraft:diamond_pickaxe":4,"minecraft:lava_bucket":18,"minecraft:iron_pickaxe":403,"minecraft:stone_axe":201,"minecraft:written_book":1,"minecraft:furnace":6,"minecraft:cooked_porkchop":36,"minecraft:bucket":43,"minecraft:oak_boat":8},"minecraft:killed":{"minecraft:pig":21,"minecraft:iron_golem":1,"minecraft:spider":2,"minecraft:sheep":17,"minecraft:horse":5,"minecraft:skeleton":1,"minecraft:zombie":6,"minecraft:enderman":2,"minecraft:cow":9},"minecraft:custom":{"minecraft:interact_with_furnace":23,"minecraft:mob_kills":70,"minecraft:interact_with_crafting_table":41,"minecraft:play_one_minute":177901,"minecraft:leave_game":8,"minecraft:time_since_death":177901,"minecraft:sleep_in_bed":7,"minecraft:climb_one_cm":1124,"minecraft:time_since_rest":32658,"minecraft:sprint_one_cm":493605,"minecraft:damage_taken":2003,"minecraft:walk_one_cm":197661,"minecraft:drop":45,"minecraft:damage_dealt":8564,"minecraft:swim_one_cm":20645,"minecraft:talked_to_villager":1,"minecraft:fly_one_cm":923122,"minecraft:open_chest":18,"minecraft:crouch_one_cm":24332,"minecraft:sneak_time":15312,"minecraft:walk_under_water_one_cm":4103,"minecraft:boat_one_cm":218206,"minecraft:jump":3805,"minecraft:walk_on_water_one_cm":20945,"minecraft:fall_one_cm":107129},"minecraft:dropped":{"minecraft:gravel":2,"minecraft:stone_axe":2,"minecraft:porkchop":3,"minecraft:wheat_seeds":33,"minecraft:golden_chestplate":1,"minecraft:stone_sword":2,"minecraft:stone_shovel":1,"minecraft:cobblestone":54,"minecraft:rotten_flesh":8,"minecraft:oak_planks":4,"minecraft:granite":22,"minecraft:cooked_mutton":9,"iceandfire:copper_ore":1,"minecraft:stick":4,"minecraft:diorite":11,"minecraft:andesite":11,"minecraft:snowball":1,"minecraft:sand":1,"minecraft:wooden_pickaxe":1,"minecraft:stone_pickaxe":3,"minecraft:string":1,"minecraft:written_book":1,"minecraft:lily_pad":16,"iceandfire:dragonbone":2},"minecraft:picked_up":{"minecraft:enchanting_table":1,"minecraft:iron_chestplate":1,"minecraft:crafting_table":13,"minecraft:cooked_beef":20,"iceandfire:copper_ore":1,"minecraft:andesite":11,"minecraft:smithing_table":1,"minecraft:leather":13,"minecraft:flint":6,"minecraft:oak_log":71,"minecraft:lily_pad":16,"minecraft:dirt":428,"minecraft:string":1,"minecraft:flint_and_steel":1,"minecraft:cooked_mutton":22,"minecraft:apple":1,"iceandfire:bestiary":1,"minecraft:wheat_seeds":33,"minecraft:iron_ingot":24,"minecraft:beef":3,"minecraft:stone_pickaxe":1,"minecraft:oak_boat":8,"minecraft:iron_ore":52,"minecraft:written_book":1,"minecraft:sugar_cane":66,"minecraft:furnace":5,"iceandfire:dragonbone":2,"minecraft:cooked_porkchop":36,"minecraft:torch":1,"minecraft:gravel":38,"minecraft:porkchop":13,"minecraft:sand":1,"iceandfire:stymphalian_bird_feather":88,"minecraft:diorite":11,"minecraft:white_bed":10,"iceandfire:armor_copper_metal_boots":1,"minecraft:redstone":14,"minecraft:gold_ore":23,"minecraft:arrow":1,"minecraft:diamond":5,"minecraft:rotten_flesh":8,"minecraft:hay_block":59,"minecraft:granite":22,"minecraft:obsidian":5,"minecraft:coal":262,"minecraft:snowball":1,"minecraft:white_wool":17,"minecraft:cobblestone":444,"minecraft:ender_pearl":2},"minecraft:broken":{"minecraft:stone_pickaxe":1,"minecraft:stone_axe":1,"minecraft:iron_pickaxe":1,"minecraft:stone_shovel":2},"minecraft:crafted":{"minecraft:oak_planks":76,"minecraft:stone_shovel":5,"minecraft:cooked_porkchop":10,"minecraft:crafting_table":2,"minecraft:enchanting_table":1,"minecraft:iron_helmet":1,"minecraft:wooden_pickaxe":1,"minecraft:furnace":7,"minecraft:bucket":1,"minecraft:stone_axe":4,"minecraft:air":0,"minecraft:oak_boat":1,"minecraft:diamond_pickaxe":1,"minecraft:iron_boots":1,"minecraft:book":1,"minecraft:paper":3,"minecraft:shield":1,"minecraft:stick":52,"minecraft:iron_ingot":3,"minecraft:iron_pickaxe":2,"minecraft:stone_pickaxe":3,"minecraft:stone_sword":3,"minecraft:chest":2,"minecraft:iron_leggings":1,"minecraft:white_bed":2,"minecraft:torch":36},"minecraft:mined":{"minecraft:smithing_table":1,"minecraft:diamond_ore":4,"minecraft:white_bed":10,"minecraft:obsidian":4,"minecraft:crafting_table":13,"minecraft:granite":22,"minecraft:grass_block":173,"minecraft:poppy":1,"minecraft:cobblestone":1,"minecraft:tall_grass":18,"minecraft:sugar_cane":28,"minecraft:diorite":8,"minecraft:hay_block":65,"minecraft:redstone_ore":2,"minecraft:furnace":5,"iceandfire:copper_ore":1,"minecraft:snow":1,"minecraft:wheat":2,"minecraft:iron_ore":55,"minecraft:fire":72,"minecraft:andesite":17,"minecraft:enchanting_table":1,"minecraft:grass":164,"minecraft:oak_log":72,"minecraft:coal_ore":123,"minecraft:gravel":44,"minecraft:sand":15,"minecraft:dirt":265,"minecraft:stone":479,"minecraft:gold_ore":23,"minecraft:oak_leaves":6}},"DataVersion":2586}