{"stats":{"minecraft:used":{"minecraft:water_bucket":3,"minecraft:stone_sword":98,"minecraft:flint_and_steel":42,"minecraft:stone_pickaxe":207,"minecraft:stone_shovel":303,"minecraft:wooden_pickaxe":3,"minecraft:torch":3,"minecraft:dirt":164,"minecraft:crafting_table":9,"minecraft:white_bed":5,"minecraft:oak_log":2,"minecraft:stone_axe":159,"minecraft:written_book":1,"minecraft:furnace":5,"minecraft:cooked_porkchop":21,"minecraft:bucket":4,"minecraft:oak_boat":6},"minecraft:killed":{"minecraft:pig":15,"minecraft:spider":2,"minecraft:sheep":15,"minecraft:horse":5,"minecraft:zombie":5,"minecraft:enderman":2,"minecraft:cow":6},"minecraft:custom":{"minecraft:interact_with_furnace":21,"minecraft:mob_kills":55,"minecraft:interact_with_crafting_table":22,"minecraft:play_one_minute":87901,"minecraft:leave_game":8,"minecraft:time_since_death":87901,"minecraft:sleep_in_bed":3,"minecraft:climb_one_cm":1091,"minecraft:time_since_rest":6290,"minecraft:sprint_one_cm":237391,"minecraft:damage_taken":1380,"minecraft:walk_one_cm":103178,"minecraft:drop":27,"minecraft:damage_dealt":6245,"minecraft:swim_one_cm":6219,"minecraft:talked_to_villager":1,"minecraft:fly_one_cm":412819,"minecraft:open_chest":2,"minecraft:crouch_one_cm":6116,"minecraft:sneak_time":3349,"minecraft:walk_under_water_one_cm":949,"minecraft:boat_one_cm":112940,"minecraft:jump":1756,"minecraft:walk_on_water_one_cm":6409,"minecraft:fall_one_cm":47154},"minecraft:dropped":{"minecraft:stone_axe":1,"minecraft:wheat_seeds":24,"minecraft:stone_sword":1,"minecraft:cobblestone":1,"minecraft:rotten_flesh":8,"minecraft:oak_planks":3,"minecraft:cooked_mutton":9,"iceandfire:copper_ore":1,"minecraft:stick":2,"minecraft:andesite":2,"minecraft:sand":1,"minecraft:wooden_pickaxe":1,"minecraft:stone_pickaxe":3,"minecraft:string":1,"minecraft:written_book":1,"minecraft:lily_pad":16},"minecraft:picked_up":{"minecraft:crafting_table":9,"minecraft:cooked_beef":16,"iceandfire:copper_ore":1,"minecraft:andesite":2,"minecraft:leather":11,"minecraft:flint":5,"minecraft:oak_log":71,"minecraft:lily_pad":16,"minecraft:dirt":260,"minecraft:string":1,"minecraft:flint_and_steel":1,"minecraft:cooked_mutton":19,"minecraft:apple":1,"minecraft:wheat_seeds":24,"minecraft:iron_ingot":7,"minecraft:beef":2,"minecraft:stone_pickaxe":1,"minecraft:oak_boat":6,"minecraft:iron_ore":10,"minecraft:written_book":1,"minecraft:sugar_cane":62,"minecraft:furnace":5,"minecraft:cooked_porkchop":25,"minecraft:gravel":36,"minecraft:porkchop":10,"minecraft:sand":1,"iceandfire:stymphalian_bird_feather":88,"minecraft:white_bed":4,"minecraft:rotten_flesh":8,"minecraft:obsidian":1,"minecraft:coal":216,"minecraft:white_wool":15,"minecraft:cobblestone":70,"minecraft:ender_pearl":2},"minecraft:broken":{"minecraft:stone_axe":1,"minecraft:stone_shovel":2},"minecraft:mined":{"minecraft:white_bed":4,"minecraft:crafting_table":9,"minecraft:grass_block":63,"minecraft:poppy":1,"minecraft:tall_grass":15,"minecraft:sugar_cane":26,"minecraft:furnace":5,"iceandfire:copper_ore":1,"minecraft:iron_ore":10,"minecraft:fire":52,"minecraft:andesite":2,"minecraft:grass":134,"minecraft:oak_log":72,"minecraft:coal_ore":119,"minecraft:gravel":41,"minecraft:sand":2,"minecraft:dirt":197,"minecraft:stone":73,"minecraft:oak_leaves":6},"minecraft:crafted":{"minecraft:oak_planks":40,"minecraft:stone_shovel":3,"minecraft:cooked_porkchop":10,"minecraft:crafting_table":1,"minecraft:wooden_pickaxe":1,"minecraft:furnace":1,"minecraft:bucket":1,"minecraft:stone_axe":3,"minecraft:air":0,"minecraft:oak_boat":1,"minecraft:book":1,"minecraft:paper":3,"minecraft:shield":1,"minecraft:stick":28,"minecraft:iron_ingot":3,"minecraft:stone_pickaxe":3,"minecraft:stone_sword":2,"minecraft:white_bed":1,"minecraft:torch":8}},"DataVersion":2586}