{"stats":{"minecraft:used":{"minecraft:water_bucket":1,"minecraft:stone_sword":57,"minecraft:flint_and_steel":34,"minecraft:stone_pickaxe":206,"minecraft:stone_shovel":295,"minecraft:wooden_pickaxe":3,"minecraft:torch":3,"minecraft:dirt":147,"minecraft:crafting_table":9,"minecraft:white_bed":3,"minecraft:oak_log":2,"minecraft:stone_axe":156,"minecraft:written_book":1,"minecraft:furnace":4,"minecraft:cooked_porkchop":16,"minecraft:bucket":2,"minecraft:oak_boat":5},"minecraft:killed":{"minecraft:pig":13,"minecraft:spider":1,"minecraft:sheep":13,"minecraft:horse":1,"minecraft:zombie":4,"minecraft:enderman":2,"minecraft:cow":4},"minecraft:custom":{"minecraft:interact_with_furnace":18,"minecraft:mob_kills":40,"minecraft:interact_with_crafting_table":22,"minecraft:play_one_minute":76294,"minecraft:leave_game":7,"minecraft:time_since_death":76294,"minecraft:sleep_in_bed":2,"minecraft:climb_one_cm":1091,"minecraft:time_since_rest":31218,"minecraft:sprint_one_cm":198308,"minecraft:damage_taken":1120,"minecraft:walk_one_cm":83749,"minecraft:drop":23,"minecraft:damage_dealt":4318,"minecraft:swim_one_cm":5969,"minecraft:talked_to_villager":1,"minecraft:fly_one_cm":347557,"minecraft:crouch_one_cm":4704,"minecraft:sneak_time":2502,"minecraft:walk_under_water_one_cm":820,"minecraft:boat_one_cm":94534,"minecraft:jump":1404,"minecraft:walk_on_water_one_cm":6362,"minecraft:fall_one_cm":38222},"minecraft:dropped":{"minecraft:stone_axe":1,"minecraft:wheat_seeds":23,"minecraft:stone_sword":1,"minecraft:rotten_flesh":6,"minecraft:oak_planks":3,"iceandfire:copper_ore":1,"minecraft:stick":2,"minecraft:andesite":2,"minecraft:sand":1,"minecraft:wooden_pickaxe":1,"minecraft:stone_pickaxe":3,"minecraft:string":1,"minecraft:written_book":1,"minecraft:lily_pad":16},"minecraft:picked_up":{"minecraft:crafting_table":9,"minecraft:cooked_beef":11,"iceandfire:copper_ore":1,"minecraft:andesite":2,"minecraft:leather":7,"minecraft:flint":5,"minecraft:oak_log":71,"minecraft:lily_pad":16,"minecraft:dirt":252,"minecraft:string":1,"minecraft:flint_and_steel":1,"minecraft:cooked_mutton":18,"minecraft:apple":1,"minecraft:wheat_seeds":23,"minecraft:stone_pickaxe":1,"minecraft:iron_ingot":7,"minecraft:beef":2,"minecraft:oak_boat":4,"minecraft:iron_ore":10,"minecraft:written_book":1,"minecraft:sugar_cane":62,"minecraft:furnace":4,"minecraft:cooked_porkchop":23,"minecraft:gravel":36,"minecraft:porkchop":7,"minecraft:sand":1,"iceandfire:stymphalian_bird_feather":88,"minecraft:white_bed":3,"minecraft:rotten_flesh":6,"minecraft:obsidian":1,"minecraft:coal":168,"minecraft:white_wool":14,"minecraft:cobblestone":70,"minecraft:ender_pearl":2},"minecraft:broken":{"minecraft:stone_axe":1,"minecraft:stone_shovel":2},"minecraft:mined":{"minecraft:white_bed":3,"minecraft:crafting_table":9,"minecraft:grass_block":62,"minecraft:poppy":1,"minecraft:tall_grass":15,"minecraft:sugar_cane":26,"minecraft:furnace":4,"iceandfire:copper_ore":1,"minecraft:iron_ore":10,"minecraft:fire":44,"minecraft:andesite":2,"minecraft:grass":130,"minecraft:oak_log":72,"minecraft:coal_ore":119,"minecraft:gravel":41,"minecraft:sand":1,"minecraft:dirt":190,"minecraft:stone":73,"minecraft:oak_leaves":6},"minecraft:crafted":{"minecraft:oak_planks":40,"minecraft:stone_shovel":3,"minecraft:cooked_porkchop":7,"minecraft:crafting_table":1,"minecraft:wooden_pickaxe":1,"minecraft:furnace":1,"minecraft:bucket":1,"minecraft:stone_axe":3,"minecraft:air":0,"minecraft:oak_boat":1,"minecraft:book":1,"minecraft:paper":3,"minecraft:shield":1,"minecraft:stick":28,"minecraft:iron_ingot":3,"minecraft:stone_pickaxe":3,"minecraft:stone_sword":2,"minecraft:white_bed":1,"minecraft:torch":8}},"DataVersion":2586}