{"stats":{"minecraft:used":{"minecraft:water_bucket":10,"minecraft:stone_sword":107,"minecraft:flint_and_steel":60,"minecraft:stone_pickaxe":220,"minecraft:stone_shovel":353,"minecraft:shield":4,"minecraft:wooden_pickaxe":3,"minecraft:torch":3,"minecraft:dirt":237,"minecraft:crafting_table":10,"minecraft:white_bed":11,"minecraft:oak_log":2,"minecraft:lava_bucket":18,"minecraft:stone_axe":198,"minecraft:written_book":1,"minecraft:furnace":5,"minecraft:cooked_porkchop":28,"minecraft:bucket":29,"minecraft:oak_boat":8},"minecraft:killed":{"minecraft:pig":21,"minecraft:iron_golem":1,"minecraft:spider":2,"minecraft:sheep":17,"minecraft:horse":5,"minecraft:zombie":5,"minecraft:enderman":2,"minecraft:cow":9},"minecraft:custom":{"minecraft:interact_with_furnace":21,"minecraft:mob_kills":69,"minecraft:interact_with_crafting_table":23,"minecraft:play_one_minute":129901,"minecraft:leave_game":8,"minecraft:time_since_death":129901,"minecraft:sleep_in_bed":7,"minecraft:climb_one_cm":1091,"minecraft:time_since_rest":832,"minecraft:sprint_one_cm":374395,"minecraft:damage_taken":1618,"minecraft:walk_one_cm":152076,"minecraft:drop":32,"minecraft:damage_dealt":8146,"minecraft:swim_one_cm":12831,"minecraft:talked_to_villager":1,"minecraft:fly_one_cm":755880,"minecraft:open_chest":7,"minecraft:crouch_one_cm":10971,"minecraft:sneak_time":7318,"minecraft:walk_under_water_one_cm":2747,"minecraft:boat_one_cm":218206,"minecraft:jump":3007,"minecraft:walk_on_water_one_cm":11215,"minecraft:fall_one_cm":87090},"minecraft:dropped":{"minecraft:stone_axe":1,"minecraft:porkchop":3,"minecraft:wheat_seeds":24,"minecraft:stone_sword":1,"minecraft:cobblestone":1,"minecraft:rotten_flesh":8,"minecraft:oak_planks":4,"minecraft:cooked_mutton":9,"iceandfire:copper_ore":1,"minecraft:stick":4,"minecraft:andesite":2,"minecraft:snowball":1,"minecraft:sand":1,"minecraft:wooden_pickaxe":1,"minecraft:stone_pickaxe":3,"minecraft:string":1,"minecraft:written_book":1,"minecraft:lily_pad":16,"iceandfire:dragonbone":2},"minecraft:picked_up":{"minecraft:crafting_table":10,"minecraft:cooked_beef":20,"iceandfire:copper_ore":1,"minecraft:andesite":2,"minecraft:smithing_table":1,"minecraft:leather":13,"minecraft:flint":5,"minecraft:oak_log":71,"minecraft:lily_pad":16,"minecraft:dirt":295,"minecraft:string":1,"minecraft:flint_and_steel":1,"minecraft:cooked_mutton":22,"minecraft:apple":1,"minecraft:wheat_seeds":24,"minecraft:iron_ingot":10,"minecraft:beef":3,"minecraft:stone_pickaxe":1,"minecraft:oak_boat":8,"minecraft:iron_ore":10,"minecraft:written_book":1,"minecraft:sugar_cane":66,"minecraft:furnace":5,"iceandfire:dragonbone":2,"minecraft:cooked_porkchop":36,"minecraft:gravel":36,"minecraft:porkchop":13,"minecraft:sand":1,"iceandfire:stymphalian_bird_feather":88,"minecraft:white_bed":10,"minecraft:rotten_flesh":8,"minecraft:hay_block":59,"minecraft:obsidian":1,"minecraft:coal":216,"minecraft:snowball":1,"minecraft:white_wool":17,"minecraft:cobblestone":83,"minecraft:ender_pearl":2},"minecraft:broken":{"minecraft:stone_axe":1,"minecraft:stone_shovel":2},"minecraft:crafted":{"minecraft:oak_planks":44,"minecraft:stone_shovel":3,"minecraft:cooked_porkchop":10,"minecraft:crafting_table":1,"minecraft:wooden_pickaxe":1,"minecraft:furnace":1,"minecraft:bucket":1,"minecraft:stone_axe":3,"minecraft:air":0,"minecraft:oak_boat":1,"minecraft:book":1,"minecraft:paper":3,"minecraft:shield":1,"minecraft:stick":28,"minecraft:iron_ingot":3,"minecraft:stone_pickaxe":3,"minecraft:stone_sword":2,"minecraft:white_bed":2,"minecraft:torch":8},"minecraft:mined":{"minecraft:smithing_table":1,"minecraft:white_bed":10,"minecraft:crafting_table":10,"minecraft:grass_block":66,"minecraft:poppy":1,"minecraft:tall_grass":18,"minecraft:sugar_cane":28,"minecraft:hay_block":65,"minecraft:furnace":5,"iceandfire:copper_ore":1,"minecraft:snow":1,"minecraft:wheat":2,"minecraft:iron_ore":10,"minecraft:fire":72,"minecraft:andesite":2,"minecraft:grass":153,"minecraft:oak_log":72,"minecraft:coal_ore":119,"minecraft:gravel":41,"minecraft:sand":15,"minecraft:dirt":231,"minecraft:stone":86,"minecraft:oak_leaves":6}},"DataVersion":2586}