{"stats":{"minecraft:used":{"minecraft:water_bucket":5,"minecraft:stone_sword":105,"minecraft:flint_and_steel":45,"minecraft:stone_pickaxe":207,"minecraft:stone_shovel":322,"minecraft:shield":4,"minecraft:wooden_pickaxe":3,"minecraft:torch":3,"minecraft:dirt":176,"minecraft:crafting_table":10,"minecraft:white_bed":7,"minecraft:oak_log":2,"minecraft:stone_axe":161,"minecraft:written_book":1,"minecraft:furnace":5,"minecraft:cooked_porkchop":23,"minecraft:bucket":6,"minecraft:oak_boat":7},"minecraft:killed":{"minecraft:pig":17,"minecraft:spider":2,"minecraft:sheep":15,"minecraft:horse":5,"minecraft:zombie":5,"minecraft:enderman":2,"minecraft:cow":6},"minecraft:custom":{"minecraft:interact_with_furnace":21,"minecraft:mob_kills":57,"minecraft:interact_with_crafting_table":23,"minecraft:play_one_minute":99901,"minecraft:leave_game":8,"minecraft:time_since_death":99901,"minecraft:sleep_in_bed":5,"minecraft:climb_one_cm":1091,"minecraft:time_since_rest":3129,"minecraft:sprint_one_cm":279613,"minecraft:damage_taken":1482,"minecraft:walk_one_cm":123652,"minecraft:drop":30,"minecraft:damage_dealt":6367,"minecraft:swim_one_cm":6219,"minecraft:talked_to_villager":1,"minecraft:fly_one_cm":486964,"minecraft:open_chest":4,"minecraft:crouch_one_cm":7069,"minecraft:sneak_time":4148,"minecraft:walk_under_water_one_cm":949,"minecraft:boat_one_cm":133011,"minecraft:jump":2057,"minecraft:walk_on_water_one_cm":7860,"minecraft:fall_one_cm":58000},"minecraft:dropped":{"minecraft:stone_axe":1,"minecraft:wheat_seeds":24,"minecraft:stone_sword":1,"minecraft:cobblestone":1,"minecraft:rotten_flesh":8,"minecraft:oak_planks":4,"minecraft:cooked_mutton":9,"iceandfire:copper_ore":1,"minecraft:stick":4,"minecraft:andesite":2,"minecraft:sand":1,"minecraft:wooden_pickaxe":1,"minecraft:stone_pickaxe":3,"minecraft:string":1,"minecraft:written_book":1,"minecraft:lily_pad":16,"iceandfire:dragonbone":2},"minecraft:picked_up":{"minecraft:crafting_table":10,"minecraft:cooked_beef":16,"iceandfire:copper_ore":1,"minecraft:andesite":2,"minecraft:smithing_table":1,"minecraft:leather":11,"minecraft:flint":5,"minecraft:oak_log":71,"minecraft:lily_pad":16,"minecraft:dirt":281,"minecraft:string":1,"minecraft:flint_and_steel":1,"minecraft:cooked_mutton":19,"minecraft:apple":1,"minecraft:wheat_seeds":24,"minecraft:iron_ingot":7,"minecraft:beef":2,"minecraft:stone_pickaxe":1,"minecraft:oak_boat":7,"minecraft:iron_ore":10,"minecraft:written_book":1,"minecraft:sugar_cane":66,"minecraft:furnace":5,"iceandfire:dragonbone":2,"minecraft:cooked_porkchop":28,"minecraft:gravel":36,"minecraft:porkchop":13,"minecraft:sand":1,"iceandfire:stymphalian_bird_feather":88,"minecraft:white_bed":6,"minecraft:rotten_flesh":8,"minecraft:hay_block":59,"minecraft:obsidian":1,"minecraft:coal":216,"minecraft:white_wool":15,"minecraft:cobblestone":70,"minecraft:ender_pearl":2},"minecraft:broken":{"minecraft:stone_axe":1,"minecraft:stone_shovel":2},"minecraft:crafted":{"minecraft:oak_planks":44,"minecraft:stone_shovel":3,"minecraft:cooked_porkchop":10,"minecraft:crafting_table":1,"minecraft:wooden_pickaxe":1,"minecraft:furnace":1,"minecraft:bucket":1,"minecraft:stone_axe":3,"minecraft:air":0,"minecraft:oak_boat":1,"minecraft:book":1,"minecraft:paper":3,"minecraft:shield":1,"minecraft:stick":28,"minecraft:iron_ingot":3,"minecraft:stone_pickaxe":3,"minecraft:stone_sword":2,"minecraft:white_bed":2,"minecraft:torch":8},"minecraft:mined":{"minecraft:smithing_table":1,"minecraft:white_bed":6,"minecraft:crafting_table":10,"minecraft:grass_block":65,"minecraft:poppy":1,"minecraft:tall_grass":18,"minecraft:sugar_cane":28,"minecraft:hay_block":65,"minecraft:furnace":5,"iceandfire:copper_ore":1,"minecraft:wheat":2,"minecraft:iron_ore":10,"minecraft:fire":58,"minecraft:andesite":2,"minecraft:grass":143,"minecraft:oak_log":72,"minecraft:coal_ore":119,"minecraft:gravel":41,"minecraft:sand":2,"minecraft:dirt":214,"minecraft:stone":73,"minecraft:oak_leaves":6}},"DataVersion":2586}