{"stats":{"minecraft:mined":{"minecraft:furnace":1,"minecraft:fire":4,"minecraft:crafting_table":5,"minecraft:grass":5,"minecraft:grass_block":43,"minecraft:oak_log":71,"minecraft:coal_ore":4,"minecraft:gravel":41,"minecraft:dirt":48,"minecraft:stone":21,"minecraft:oak_leaves":5},"minecraft:used":{"minecraft:stone_sword":31,"minecraft:flint_and_steel":4,"minecraft:stone_pickaxe":23,"minecraft:stone_shovel":132,"minecraft:wooden_pickaxe":3,"minecraft:stone_axe":88,"minecraft:dirt":4,"minecraft:written_book":1,"minecraft:crafting_table":5,"minecraft:furnace":1,"minecraft:cooked_porkchop":3,"minecraft:oak_boat":3},"minecraft:crafted":{"minecraft:oak_boat":1,"minecraft:oak_planks":24,"minecraft:stone_shovel":2,"minecraft:cooked_porkchop":7,"minecraft:crafting_table":1,"minecraft:stick":12,"minecraft:wooden_pickaxe":1,"minecraft:stone_pickaxe":1,"minecraft:stone_sword":1,"minecraft:furnace":1,"minecraft:white_bed":1,"minecraft:stone_axe":1,"minecraft:air":0},"minecraft:broken":{"minecraft:stone_shovel":1},"minecraft:killed":{"minecraft:sheep":3,"minecraft:horse":1,"minecraft:zombie":2,"minecraft:pig":3,"minecraft:spider":1,"minecraft:cow":1,"minecraft:enderman":2},"minecraft:custom":{"minecraft:time_since_rest":19767,"minecraft:interact_with_furnace":10,"minecraft:sprint_one_cm":45526,"minecraft:damage_taken":250,"minecraft:walk_one_cm":23041,"minecraft:mob_kills":13,"minecraft:drop":7,"minecraft:damage_dealt":2320,"minecraft:swim_one_cm":2091,"minecraft:interact_with_crafting_table":6,"minecraft:fly_one_cm":50602,"minecraft:play_one_minute":19767,"minecraft:crouch_one_cm":1324,"minecraft:sneak_time":1019,"minecraft:walk_under_water_one_cm":489,"minecraft:boat_one_cm":46988,"minecraft:jump":263,"minecraft:leave_game":2,"minecraft:time_since_death":19767,"minecraft:walk_on_water_one_cm":1636,"minecraft:fall_one_cm":5797},"minecraft:dropped":{"minecraft:rotten_flesh":3,"minecraft:wooden_pickaxe":1,"minecraft:string":1,"minecraft:lily_pad":16,"minecraft:stick":1},"minecraft:picked_up":{"minecraft:crafting_table":5,"minecraft:cooked_beef":3,"minecraft:leather":3,"minecraft:gravel":36,"minecraft:porkchop":7,"minecraft:flint":5,"minecraft:oak_log":70,"minecraft:lily_pad":16,"minecraft:string":1,"minecraft:dirt":91,"minecraft:cooked_mutton":4,"minecraft:flint_and_steel":1,"minecraft:rotten_flesh":3,"minecraft:apple":1,"minecraft:oak_boat":3,"minecraft:written_book":1,"minecraft:obsidian":1,"minecraft:coal":4,"minecraft:white_wool":3,"minecraft:ender_pearl":2,"minecraft:cobblestone":21,"minecraft:furnace":1}},"DataVersion":2586}