{"stats":{"minecraft:killed_by":{"minecraft:creeper":1},"minecraft:broken":{"minecraft:stone_pickaxe":2,"minecraft:iron_pickaxe":3},"minecraft:dropped":{"minecraft:feather":2,"minecraft:cobblestone":1,"minecraft:wooden_sword":1,"minecraft:redstone":24},"minecraft:killed":{"minecraft:spider":2,"minecraft:bat":1,"minecraft:sheep":4,"minecraft:skeleton":5,"minecraft:zombie":5,"minecraft:chicken":4},"minecraft:used":{"minecraft:cooked_mutton":3,"minecraft:water_bucket":28,"minecraft:diorite":3,"minecraft:stone_pickaxe":294,"minecraft:wooden_pickaxe":18,"minecraft:chest":4,"minecraft:shield":15,"minecraft:iron_sword":64,"minecraft:cooked_chicken":3,"minecraft:rotten_flesh":5,"minecraft:torch":92,"minecraft:crafting_table":5,"minecraft:white_bed":2,"minecraft:granite":3,"minecraft:wooden_axe":31,"minecraft:black_wool":2,"minecraft:lava_bucket":1,"minecraft:iron_pickaxe":880,"minecraft:cobblestone":296,"minecraft:written_book":1,"minecraft:furnace":8,"minecraft:bucket":30},"minecraft:picked_up":{"minecraft:iron_chestplate":1,"minecraft:crafting_table":3,"minecraft:feather":10,"minecraft:chicken":4,"minecraft:water_bucket":1,"minecraft:andesite":50,"minecraft:wooden_pickaxe":1,"minecraft:flint":2,"minecraft:oak_log":29,"minecraft:shield":1,"minecraft:dirt":24,"minecraft:lapis_lazuli":35,"minecraft:string":2,"minecraft:iron_leggings":1,"minecraft:cooked_mutton":1,"minecraft:bone":8,"minecraft:iron_ingot":1,"minecraft:stone_pickaxe":1,"minecraft:cooked_chicken":1,"minecraft:iron_ore":201,"minecraft:written_book":1,"minecraft:iron_pickaxe":1,"minecraft:chest":2,"minecraft:iron_sword":1,"minecraft:iron_boots":1,"minecraft:furnace":4,"minecraft:stick":8,"minecraft:torch":86,"minecraft:gravel":16,"minecraft:diorite":53,"minecraft:white_bed":1,"minecraft:gold_ore":29,"minecraft:redstone":74,"minecraft:arrow":10,"minecraft:rotten_flesh":5,"minecraft:diamond":1,"minecraft:iron_helmet":1,"minecraft:granite":107,"minecraft:black_wool":2,"minecraft:mutton":4,"minecraft:coal":305,"minecraft:white_wool":3,"minecraft:cobblestone":894},"minecraft:mined":{"minecraft:diamond_ore":1,"minecraft:white_bed":1,"minecraft:crafting_table":3,"minecraft:torch":7,"minecraft:granite":55,"minecraft:grass_block":3,"minecraft:chest":2,"minecraft:cobblestone":14,"minecraft:lapis_ore":6,"minecraft:diorite":26,"minecraft:wall_torch":11,"minecraft:redstone_ore":8,"minecraft:furnace":4,"minecraft:iron_ore":175,"minecraft:andesite":46,"minecraft:black_wool":1,"minecraft:oak_log":30,"minecraft:coal_ore":232,"minecraft:gravel":9,"minecraft:dirt":12,"minecraft:stone":582,"minecraft:gold_ore":29,"minecraft:oak_leaves":7},"minecraft:crafted":{"minecraft:wooden_sword":1,"minecraft:oak_planks":116,"minecraft:crafting_table":2,"minecraft:wooden_pickaxe":1,"minecraft:iron_helmet":1,"minecraft:cooked_chicken":4,"minecraft:iron_sword":1,"minecraft:furnace":4,"minecraft:bucket":1,"minecraft:cooked_mutton":4,"minecraft:iron_boots":1,"minecraft:iron_chestplate":1,"minecraft:shield":1,"minecraft:stick":60,"minecraft:iron_ingot":137,"minecraft:iron_pickaxe":4,"minecraft:stone_pickaxe":3,"minecraft:wooden_axe":1,"minecraft:chest":2,"minecraft:iron_leggings":1,"minecraft:gold_ingot":29,"minecraft:white_bed":1,"minecraft:torch":128},"minecraft:custom":{"minecraft:interact_with_furnace":57,"minecraft:mob_kills":22,"minecraft:interact_with_crafting_table":31,"minecraft:play_one_minute":80079,"minecraft:leave_game":1,"minecraft:time_since_death":2385,"minecraft:sleep_in_bed":1,"minecraft:time_since_rest":2487,"minecraft:sprint_one_cm":119425,"minecraft:damage_taken":820,"minecraft:walk_one_cm":246965,"minecraft:drop":5,"minecraft:damage_dealt":3017,"minecraft:swim_one_cm":2774,"minecraft:fly_one_cm":25059,"minecraft:open_chest":33,"minecraft:crouch_one_cm":43300,"minecraft:deaths":1,"minecraft:sneak_time":12088,"minecraft:walk_under_water_one_cm":10903,"minecraft:jump":896,"minecraft:walk_on_water_one_cm":13003,"minecraft:fall_one_cm":8614}},"DataVersion":2586}