{"stats":{"minecraft:broken":{"minecraft:stone_pickaxe":2},"minecraft:used":{"minecraft:wooden_axe":29,"minecraft:stone_pickaxe":294,"minecraft:iron_pickaxe":51,"minecraft:chest":2,"minecraft:wooden_pickaxe":18,"minecraft:torch":14,"minecraft:cobblestone":12,"minecraft:crafting_table":4,"minecraft:furnace":2},"minecraft:picked_up":{"minecraft:crafting_table":2,"minecraft:andesite":12,"minecraft:torch":2,"minecraft:oak_log":29,"minecraft:diorite":3,"minecraft:dirt":12,"minecraft:arrow":1,"minecraft:bone":2,"minecraft:diamond":1,"minecraft:granite":6,"minecraft:iron_ore":16,"minecraft:coal":81,"minecraft:cobblestone":235},"minecraft:crafted":{"minecraft:wooden_sword":1,"minecraft:oak_planks":116,"minecraft:iron_chestplate":1,"minecraft:shield":1,"minecraft:crafting_table":2,"minecraft:stick":28,"minecraft:iron_pickaxe":1,"minecraft:iron_ingot":16,"minecraft:wooden_pickaxe":1,"minecraft:stone_pickaxe":3,"minecraft:wooden_axe":1,"minecraft:chest":2,"minecraft:furnace":2,"minecraft:torch":40},"minecraft:mined":{"minecraft:diamond_ore":1,"minecraft:iron_ore":16,"minecraft:andesite":12,"minecraft:torch":1,"minecraft:crafting_table":2,"minecraft:granite":6,"minecraft:oak_log":30,"minecraft:grass_block":3,"minecraft:coal_ore":81,"minecraft:dirt":11,"minecraft:stone":235,"minecraft:diorite":3,"minecraft:oak_leaves":5},"minecraft:custom":{"minecraft:time_since_rest":8045,"minecraft:interact_with_furnace":5,"minecraft:sprint_one_cm":11914,"minecraft:damage_taken":125,"minecraft:walk_one_cm":29924,"minecraft:interact_with_crafting_table":9,"minecraft:fly_one_cm":7931,"minecraft:open_chest":2,"minecraft:crouch_one_cm":2779,"minecraft:play_one_minute":18680,"minecraft:sneak_time":1387,"minecraft:jump":150,"minecraft:time_since_death":18680,"minecraft:fall_one_cm":2059}},"DataVersion":2586}