{"stats":{"minecraft:broken":{"minecraft:iron_boots":1,"minecraft:stone_pickaxe":2,"minecraft:shield":1,"minecraft:iron_pickaxe":7},"minecraft:killed_by":{"minecraft:creeper":1,"minecraft:zombie":2},"minecraft:dropped":{"minecraft:wheat_seeds":1,"minecraft:iron_helmet":2,"minecraft:feather":2,"minecraft:cobblestone":703,"minecraft:granite":83,"minecraft:flint":1,"minecraft:dirt":10,"minecraft:diorite":113,"minecraft:iron_leggings":3,"minecraft:wooden_sword":1,"minecraft:bone":6,"minecraft:redstone":55,"minecraft:gravel":29,"minecraft:player_head":2,"minecraft:rotten_flesh":2,"iceandfire:silver_ore":1,"minecraft:iron_chestplate":3,"minecraft:andesite":69,"minecraft:arrow":1,"minecraft:stone_pickaxe":2},"minecraft:killed":{"minecraft:spider":2,"minecraft:skeleton":10,"minecraft:chicken":4,"minecraft:pig":4,"minecraft:bat":1,"minecraft:sheep":4,"minecraft:zombie":13,"minecraft:cow":2},"minecraft:picked_up":{"minecraft:crafting_table":3,"minecraft:iron_chestplate":4,"minecraft:chicken":4,"minecraft:wooden_pickaxe":1,"minecraft:shield":2,"minecraft:string":2,"minecraft:iron_leggings":4,"minecraft:beef":5,"minecraft:written_book":3,"minecraft:player_head":3,"minecraft:iron_pickaxe":2,"minecraft:chest":2,"minecraft:furnace":4,"minecraft:iron_boots":2,"minecraft:stick":12,"minecraft:oak_fence":1,"minecraft:torch":145,"iceandfire:silver_ore":1,"minecraft:porkchop":8,"minecraft:diorite":166,"minecraft:redstone":105,"minecraft:arrow":15,"minecraft:rotten_flesh":10,"minecraft:peony":2,"minecraft:hay_block":63,"minecraft:mutton":4,"minecraft:white_wool":3,"minecraft:cobblestone":2074,"minecraft:feather":10,"minecraft:cooked_beef":10,"minecraft:water_bucket":2,"minecraft:andesite":126,"minecraft:leather":2,"minecraft:flint":3,"minecraft:oak_log":33,"minecraft:yellow_bed":1,"minecraft:lapis_lazuli":35,"minecraft:dirt":38,"minecraft:cooked_mutton":2,"minecraft:bone":14,"minecraft:apple":1,"minecraft:wheat_seeds":2,"minecraft:cooked_chicken":2,"minecraft:stone_pickaxe":2,"minecraft:iron_ingot":44,"minecraft:iron_ore":364,"minecraft:iron_sword":2,"minecraft:gravel":45,"minecraft:white_bed":2,"minecraft:gold_ore":33,"minecraft:diamond":9,"minecraft:iron_helmet":3,"minecraft:granite":190,"minecraft:emerald":1,"minecraft:oak_sapling":4,"minecraft:black_wool":2,"minecraft:coal":329},"minecraft:used":{"minecraft:peony":2,"minecraft:chest":9,"minecraft:shield":28,"minecraft:iron_sword":153,"minecraft:cooked_chicken":3,"minecraft:rotten_flesh":5,"minecraft:torch":158,"minecraft:granite":3,"minecraft:iron_hoe":170,"minecraft:wooden_axe":31,"minecraft:lava_bucket":2,"minecraft:iron_axe":5,"minecraft:written_book":1,"minecraft:oak_sapling":4,"minecraft:furnace":12,"minecraft:cooked_beef":10,"minecraft:cooked_mutton":4,"minecraft:water_bucket":43,"minecraft:diorite":3,"minecraft:stone_pickaxe":309,"minecraft:oak_planks":1,"minecraft:wooden_pickaxe":18,"minecraft:crafting_table":6,"minecraft:white_bed":3,"minecraft:diamond_pickaxe":283,"minecraft:black_wool":2,"minecraft:iron_pickaxe":1758,"minecraft:cobblestone":446,"minecraft:andesite":5,"minecraft:bucket":46,"minecraft:yellow_bed":1},"minecraft:mined":{"minecraft:diamond_ore":9,"minecraft:white_bed":2,"iceandfire:silver_ore":1,"minecraft:granite":118,"minecraft:grass_block":5,"minecraft:hay_block":63,"minecraft:redstone_ore":12,"minecraft:furnace":4,"iceandfire:copper_ore":1,"minecraft:iron_ore":290,"minecraft:andesite":105,"minecraft:peony":2,"minecraft:stone":1365,"minecraft:player_head":1,"minecraft:glass_pane":1,"minecraft:oak_fence":1,"minecraft:crafting_table":3,"minecraft:torch":7,"minecraft:emerald_ore":1,"minecraft:chest":2,"minecraft:tall_grass":3,"minecraft:cobblestone":37,"minecraft:lapis_ore":6,"minecraft:diorite":110,"minecraft:wall_torch":16,"minecraft:yellow_bed":1,"minecraft:smooth_stone_slab":2,"minecraft:black_wool":1,"minecraft:grass":7,"minecraft:oak_log":34,"minecraft:coal_ore":238,"minecraft:gravel":9,"minecraft:dirt":24,"minecraft:gold_ore":31,"minecraft:oak_leaves":117},"minecraft:crafted":{"minecraft:wooden_sword":1,"minecraft:oak_planks":132,"minecraft:cooked_chicken":4,"minecraft:furnace":8,"minecraft:cooked_mutton":4,"minecraft:iron_boots":2,"minecraft:iron_axe":1,"minecraft:iron_hoe":1,"minecraft:stone_pickaxe":3,"minecraft:chest":5,"minecraft:wheat":567,"iceandfire:copper_ingot":7,"minecraft:diamond_sword":1,"minecraft:crafting_table":3,"minecraft:wooden_pickaxe":1,"minecraft:iron_helmet":2,"minecraft:iron_sword":1,"minecraft:bucket":1,"minecraft:iron_chestplate":2,"minecraft:diamond_pickaxe":1,"minecraft:shield":1,"minecraft:stick":92,"minecraft:iron_ingot":268,"minecraft:iron_pickaxe":7,"minecraft:wooden_axe":1,"minecraft:gold_ingot":31,"minecraft:iron_leggings":2,"minecraft:white_bed":1,"minecraft:torch":220},"minecraft:custom":{"minecraft:mob_kills":37,"minecraft:animals_bred":1,"minecraft:interact_with_crafting_table":49,"minecraft:bell_ring":2,"minecraft:leave_game":4,"minecraft:time_since_death":89228,"minecraft:sprint_one_cm":358264,"minecraft:walk_one_cm":472537,"minecraft:drop":65,"minecraft:talked_to_villager":2,"minecraft:deaths":3,"minecraft:sneak_time":24399,"minecraft:walk_under_water_one_cm":13725,"minecraft:jump":2084,"minecraft:walk_on_water_one_cm":24298,"minecraft:interact_with_furnace":105,"minecraft:play_one_minute":174095,"minecraft:sleep_in_bed":4,"minecraft:time_since_rest":9522,"minecraft:damage_taken":2039,"minecraft:damage_dealt":7379,"minecraft:swim_one_cm":5432,"minecraft:fly_one_cm":140811,"minecraft:open_chest":97,"minecraft:crouch_one_cm":86360,"minecraft:fall_one_cm":25118}},"DataVersion":2586}