{"stats":{"minecraft:killed_by":{"minecraft:creeper":1,"minecraft:zombie":2},"minecraft:broken":{"minecraft:stone_pickaxe":2,"minecraft:shield":1,"minecraft:iron_boots":1,"minecraft:iron_pickaxe":4},"minecraft:dropped":{"minecraft:gravel":16,"minecraft:player_head":2,"minecraft:feather":2,"minecraft:iron_helmet":2,"minecraft:cobblestone":193,"minecraft:granite":19,"minecraft:flint":1,"minecraft:diorite":26,"minecraft:iron_chestplate":3,"minecraft:andesite":33,"minecraft:iron_leggings":3,"minecraft:wooden_sword":1,"minecraft:stone_pickaxe":2,"minecraft:redstone":37,"minecraft:bone":5},"minecraft:killed":{"minecraft:spider":2,"minecraft:bat":1,"minecraft:sheep":4,"minecraft:skeleton":8,"minecraft:zombie":12,"minecraft:chicken":4},"minecraft:picked_up":{"minecraft:iron_chestplate":4,"minecraft:crafting_table":3,"minecraft:feather":10,"minecraft:cooked_beef":10,"minecraft:chicken":4,"minecraft:water_bucket":2,"minecraft:andesite":90,"minecraft:wooden_pickaxe":1,"minecraft:flint":3,"minecraft:oak_log":29,"minecraft:shield":2,"minecraft:lapis_lazuli":35,"minecraft:dirt":24,"minecraft:string":2,"minecraft:iron_leggings":4,"minecraft:cooked_mutton":2,"minecraft:bone":13,"minecraft:iron_ingot":44,"minecraft:stone_pickaxe":2,"minecraft:cooked_chicken":2,"minecraft:iron_ore":321,"minecraft:written_book":3,"minecraft:player_head":3,"minecraft:iron_pickaxe":2,"minecraft:chest":2,"minecraft:iron_sword":2,"minecraft:iron_boots":2,"minecraft:furnace":4,"minecraft:stick":8,"minecraft:torch":143,"minecraft:gravel":32,"minecraft:diorite":108,"minecraft:white_bed":1,"minecraft:redstone":91,"minecraft:gold_ore":31,"minecraft:arrow":15,"minecraft:rotten_flesh":9,"minecraft:diamond":6,"minecraft:iron_helmet":3,"minecraft:granite":126,"minecraft:emerald":1,"minecraft:black_wool":2,"minecraft:mutton":4,"minecraft:coal":323,"minecraft:white_wool":3,"minecraft:cobblestone":1396},"minecraft:used":{"minecraft:cooked_mutton":4,"minecraft:water_bucket":34,"minecraft:diorite":3,"minecraft:stone_pickaxe":309,"minecraft:wooden_pickaxe":18,"minecraft:chest":5,"minecraft:shield":24,"minecraft:iron_sword":117,"minecraft:cooked_chicken":3,"minecraft:rotten_flesh":5,"minecraft:torch":145,"minecraft:crafting_table":5,"minecraft:white_bed":2,"minecraft:granite":3,"minecraft:wooden_axe":31,"minecraft:black_wool":2,"minecraft:lava_bucket":2,"minecraft:iron_pickaxe":1089,"minecraft:cobblestone":391,"minecraft:written_book":1,"minecraft:furnace":8,"minecraft:andesite":5,"minecraft:bucket":37,"minecraft:cooked_beef":4},"minecraft:crafted":{"minecraft:wooden_sword":1,"minecraft:oak_planks":116,"minecraft:diamond_sword":1,"minecraft:crafting_table":2,"minecraft:cooked_chicken":4,"minecraft:iron_helmet":2,"minecraft:wooden_pickaxe":1,"minecraft:iron_sword":1,"minecraft:furnace":4,"minecraft:bucket":1,"minecraft:cooked_mutton":4,"minecraft:iron_chestplate":2,"minecraft:iron_boots":2,"minecraft:diamond_pickaxe":1,"minecraft:shield":1,"minecraft:stick":84,"minecraft:iron_ingot":251,"minecraft:iron_pickaxe":7,"minecraft:stone_pickaxe":3,"minecraft:wooden_axe":1,"minecraft:chest":3,"minecraft:iron_leggings":2,"minecraft:gold_ingot":29,"minecraft:white_bed":1,"minecraft:torch":128},"minecraft:mined":{"minecraft:diamond_ore":6,"minecraft:white_bed":1,"minecraft:crafting_table":3,"minecraft:torch":7,"minecraft:granite":55,"minecraft:emerald_ore":1,"minecraft:grass_block":3,"minecraft:chest":2,"minecraft:cobblestone":29,"minecraft:lapis_ore":6,"minecraft:diorite":51,"minecraft:wall_torch":14,"minecraft:redstone_ore":9,"minecraft:furnace":4,"iceandfire:copper_ore":1,"minecraft:iron_ore":247,"minecraft:andesite":48,"minecraft:black_wool":1,"minecraft:coal_ore":232,"minecraft:oak_log":30,"minecraft:gravel":9,"minecraft:dirt":12,"minecraft:stone":672,"minecraft:gold_ore":29,"minecraft:player_head":1,"minecraft:oak_leaves":7},"minecraft:custom":{"minecraft:interact_with_furnace":87,"minecraft:mob_kills":29,"minecraft:interact_with_crafting_table":42,"minecraft:play_one_minute":132156,"minecraft:leave_game":3,"minecraft:time_since_death":47289,"minecraft:sleep_in_bed":4,"minecraft:time_since_rest":18606,"minecraft:sprint_one_cm":234224,"minecraft:damage_taken":1609,"minecraft:walk_one_cm":385670,"minecraft:drop":41,"minecraft:damage_dealt":5963,"minecraft:swim_one_cm":5432,"minecraft:fly_one_cm":63590,"minecraft:open_chest":71,"minecraft:crouch_one_cm":48522,"minecraft:deaths":3,"minecraft:sneak_time":13710,"minecraft:walk_under_water_one_cm":13228,"minecraft:jump":1615,"minecraft:walk_on_water_one_cm":18786,"minecraft:fall_one_cm":15399}},"DataVersion":2586}