{"stats":{"minecraft:killed_by":{"minecraft:creeper":1,"minecraft:zombie":2},"minecraft:broken":{"minecraft:stone_pickaxe":2,"minecraft:shield":1,"minecraft:iron_boots":1,"minecraft:iron_pickaxe":3},"minecraft:dropped":{"minecraft:gravel":16,"minecraft:player_head":2,"minecraft:feather":2,"minecraft:iron_helmet":2,"minecraft:cobblestone":193,"minecraft:granite":19,"minecraft:flint":1,"minecraft:diorite":26,"minecraft:iron_chestplate":3,"minecraft:andesite":33,"minecraft:iron_leggings":3,"minecraft:wooden_sword":1,"minecraft:stone_pickaxe":2,"minecraft:redstone":37,"minecraft:bone":5},"minecraft:killed":{"minecraft:spider":2,"minecraft:bat":1,"minecraft:sheep":4,"minecraft:skeleton":7,"minecraft:zombie":7,"minecraft:chicken":4},"minecraft:picked_up":{"minecraft:iron_chestplate":4,"minecraft:crafting_table":3,"minecraft:feather":10,"minecraft:cooked_beef":10,"minecraft:chicken":4,"minecraft:water_bucket":2,"minecraft:andesite":90,"minecraft:wooden_pickaxe":1,"minecraft:flint":3,"minecraft:oak_log":29,"minecraft:shield":2,"minecraft:lapis_lazuli":35,"minecraft:dirt":24,"minecraft:string":2,"minecraft:iron_leggings":4,"minecraft:cooked_mutton":2,"minecraft:bone":13,"minecraft:iron_ingot":44,"minecraft:stone_pickaxe":2,"minecraft:cooked_chicken":2,"minecraft:iron_ore":286,"minecraft:written_book":3,"minecraft:player_head":3,"minecraft:iron_pickaxe":2,"minecraft:chest":2,"minecraft:iron_sword":2,"minecraft:iron_boots":2,"minecraft:furnace":4,"minecraft:stick":8,"minecraft:torch":138,"minecraft:gravel":32,"minecraft:diorite":79,"minecraft:white_bed":1,"minecraft:redstone":87,"minecraft:gold_ore":29,"minecraft:arrow":14,"minecraft:rotten_flesh":5,"minecraft:diamond":6,"minecraft:iron_helmet":3,"minecraft:granite":126,"minecraft:black_wool":2,"minecraft:mutton":4,"minecraft:coal":323,"minecraft:white_wool":3,"minecraft:cobblestone":1264},"minecraft:used":{"minecraft:cooked_mutton":4,"minecraft:water_bucket":32,"minecraft:diorite":3,"minecraft:stone_pickaxe":309,"minecraft:wooden_pickaxe":18,"minecraft:chest":5,"minecraft:shield":22,"minecraft:iron_sword":84,"minecraft:cooked_chicken":3,"minecraft:rotten_flesh":5,"minecraft:torch":119,"minecraft:crafting_table":5,"minecraft:white_bed":2,"minecraft:granite":3,"minecraft:wooden_axe":31,"minecraft:black_wool":2,"minecraft:lava_bucket":1,"minecraft:iron_pickaxe":948,"minecraft:cobblestone":355,"minecraft:written_book":1,"minecraft:furnace":8,"minecraft:andesite":5,"minecraft:bucket":34,"minecraft:cooked_beef":1},"minecraft:crafted":{"minecraft:wooden_sword":1,"minecraft:oak_planks":116,"minecraft:diamond_sword":1,"minecraft:crafting_table":2,"minecraft:cooked_chicken":4,"minecraft:iron_helmet":2,"minecraft:wooden_pickaxe":1,"minecraft:iron_sword":1,"minecraft:furnace":4,"minecraft:bucket":1,"minecraft:cooked_mutton":4,"minecraft:iron_chestplate":2,"minecraft:iron_boots":2,"minecraft:diamond_pickaxe":1,"minecraft:shield":1,"minecraft:stick":84,"minecraft:iron_ingot":251,"minecraft:iron_pickaxe":7,"minecraft:stone_pickaxe":3,"minecraft:wooden_axe":1,"minecraft:chest":3,"minecraft:iron_leggings":2,"minecraft:gold_ingot":29,"minecraft:white_bed":1,"minecraft:torch":128},"minecraft:mined":{"minecraft:diamond_ore":6,"minecraft:white_bed":1,"minecraft:crafting_table":3,"minecraft:torch":7,"minecraft:granite":55,"minecraft:grass_block":3,"minecraft:chest":2,"minecraft:cobblestone":25,"minecraft:lapis_ore":6,"minecraft:diorite":31,"minecraft:wall_torch":12,"minecraft:redstone_ore":8,"minecraft:furnace":4,"iceandfire:copper_ore":1,"minecraft:iron_ore":212,"minecraft:andesite":48,"minecraft:black_wool":1,"minecraft:coal_ore":232,"minecraft:oak_log":30,"minecraft:gravel":9,"minecraft:dirt":12,"minecraft:stone":593,"minecraft:gold_ore":29,"minecraft:player_head":1,"minecraft:oak_leaves":7},"minecraft:custom":{"minecraft:interact_with_furnace":85,"minecraft:mob_kills":24,"minecraft:interact_with_crafting_table":42,"minecraft:play_one_minute":115952,"minecraft:leave_game":2,"minecraft:time_since_death":31085,"minecraft:sleep_in_bed":4,"minecraft:time_since_rest":2402,"minecraft:sprint_one_cm":203088,"minecraft:damage_taken":1342,"minecraft:walk_one_cm":322524,"minecraft:drop":41,"minecraft:damage_dealt":4359,"minecraft:swim_one_cm":3943,"minecraft:fly_one_cm":49946,"minecraft:open_chest":67,"minecraft:crouch_one_cm":45719,"minecraft:deaths":3,"minecraft:sneak_time":12635,"minecraft:walk_under_water_one_cm":11338,"minecraft:jump":1304,"minecraft:walk_on_water_one_cm":15561,"minecraft:fall_one_cm":11428}},"DataVersion":2586}