{"stats":{"minecraft:broken":{"minecraft:stone_pickaxe":2,"minecraft:iron_pickaxe":1},"minecraft:dropped":{"minecraft:wooden_sword":1},"minecraft:used":{"minecraft:wooden_axe":29,"minecraft:stone_pickaxe":294,"minecraft:iron_pickaxe":334,"minecraft:chest":2,"minecraft:wooden_pickaxe":18,"minecraft:torch":32,"minecraft:cobblestone":148,"minecraft:crafting_table":4,"minecraft:furnace":2},"minecraft:picked_up":{"minecraft:crafting_table":2,"minecraft:andesite":42,"minecraft:torch":4,"minecraft:oak_log":29,"minecraft:diorite":15,"minecraft:redstone":24,"minecraft:dirt":12,"minecraft:arrow":1,"minecraft:bone":2,"minecraft:diamond":1,"minecraft:granite":33,"minecraft:iron_ore":40,"minecraft:coal":125,"minecraft:cobblestone":368},"minecraft:crafted":{"minecraft:wooden_sword":1,"minecraft:oak_planks":116,"minecraft:iron_boots":1,"minecraft:iron_chestplate":1,"minecraft:shield":1,"minecraft:crafting_table":2,"minecraft:stick":60,"minecraft:iron_pickaxe":3,"minecraft:iron_ingot":33,"minecraft:wooden_pickaxe":1,"minecraft:stone_pickaxe":3,"minecraft:wooden_axe":1,"minecraft:iron_sword":1,"minecraft:chest":2,"minecraft:iron_leggings":1,"minecraft:furnace":2,"minecraft:torch":128},"minecraft:mined":{"minecraft:diamond_ore":1,"minecraft:redstone_ore":5,"minecraft:iron_ore":41,"minecraft:andesite":42,"minecraft:torch":2,"minecraft:crafting_table":2,"minecraft:granite":33,"minecraft:oak_log":30,"minecraft:grass_block":3,"minecraft:coal_ore":125,"minecraft:dirt":12,"minecraft:cobblestone":4,"minecraft:stone":368,"minecraft:diorite":16,"minecraft:oak_leaves":5,"minecraft:wall_torch":1},"minecraft:custom":{"minecraft:time_since_rest":20045,"minecraft:interact_with_furnace":20,"minecraft:sprint_one_cm":29449,"minecraft:damage_taken":125,"minecraft:walk_one_cm":52463,"minecraft:drop":1,"minecraft:swim_one_cm":351,"minecraft:interact_with_crafting_table":18,"minecraft:fly_one_cm":8869,"minecraft:open_chest":7,"minecraft:crouch_one_cm":17515,"minecraft:play_one_minute":30680,"minecraft:sneak_time":5837,"minecraft:walk_under_water_one_cm":3339,"minecraft:jump":218,"minecraft:walk_on_water_one_cm":2108,"minecraft:time_since_death":30680,"minecraft:fall_one_cm":2059}},"DataVersion":2586}