{"stats":{"minecraft:broken":{"minecraft:stone_pickaxe":2,"minecraft:iron_pickaxe":2},"minecraft:dropped":{"minecraft:feather":2,"minecraft:wooden_sword":1,"minecraft:redstone":24},"minecraft:killed":{"minecraft:spider":2,"minecraft:sheep":4,"minecraft:skeleton":3,"minecraft:zombie":5,"minecraft:chicken":4},"minecraft:picked_up":{"minecraft:crafting_table":3,"minecraft:feather":10,"minecraft:chicken":4,"minecraft:andesite":42,"minecraft:wooden_pickaxe":1,"minecraft:oak_log":29,"minecraft:dirt":24,"minecraft:lapis_lazuli":35,"minecraft:string":2,"minecraft:bone":8,"minecraft:iron_ingot":1,"minecraft:stone_pickaxe":1,"minecraft:iron_ore":137,"minecraft:chest":2,"minecraft:furnace":4,"minecraft:stick":8,"minecraft:torch":20,"minecraft:diorite":32,"minecraft:white_bed":1,"minecraft:gold_ore":29,"minecraft:redstone":48,"minecraft:arrow":10,"minecraft:rotten_flesh":5,"minecraft:diamond":1,"minecraft:granite":69,"minecraft:black_wool":2,"minecraft:mutton":4,"minecraft:coal":269,"minecraft:white_wool":3,"minecraft:cobblestone":520},"minecraft:used":{"minecraft:cooked_mutton":3,"minecraft:water_bucket":28,"minecraft:stone_pickaxe":294,"minecraft:wooden_pickaxe":18,"minecraft:chest":2,"minecraft:shield":9,"minecraft:iron_sword":51,"minecraft:cooked_chicken":3,"minecraft:rotten_flesh":5,"minecraft:torch":77,"minecraft:crafting_table":4,"minecraft:white_bed":1,"minecraft:granite":3,"minecraft:wooden_axe":31,"minecraft:black_wool":2,"minecraft:lava_bucket":1,"minecraft:iron_pickaxe":655,"minecraft:cobblestone":286,"minecraft:furnace":4,"minecraft:bucket":30},"minecraft:mined":{"minecraft:diamond_ore":1,"minecraft:white_bed":1,"minecraft:crafting_table":3,"minecraft:torch":6,"minecraft:granite":36,"minecraft:grass_block":3,"minecraft:chest":2,"minecraft:cobblestone":14,"minecraft:lapis_ore":6,"minecraft:diorite":17,"minecraft:wall_torch":9,"minecraft:redstone_ore":5,"minecraft:furnace":4,"minecraft:iron_ore":138,"minecraft:andesite":42,"minecraft:black_wool":1,"minecraft:oak_log":30,"minecraft:coal_ore":214,"minecraft:dirt":12,"minecraft:stone":448,"minecraft:gold_ore":29,"minecraft:oak_leaves":7},"minecraft:crafted":{"minecraft:wooden_sword":1,"minecraft:oak_planks":116,"minecraft:crafting_table":2,"minecraft:wooden_pickaxe":1,"minecraft:iron_helmet":1,"minecraft:cooked_chicken":4,"minecraft:iron_sword":1,"minecraft:furnace":4,"minecraft:bucket":1,"minecraft:cooked_mutton":4,"minecraft:iron_boots":1,"minecraft:iron_chestplate":1,"minecraft:shield":1,"minecraft:stick":60,"minecraft:iron_ingot":137,"minecraft:iron_pickaxe":4,"minecraft:stone_pickaxe":3,"minecraft:wooden_axe":1,"minecraft:chest":2,"minecraft:iron_leggings":1,"minecraft:gold_ingot":29,"minecraft:white_bed":1,"minecraft:torch":128},"minecraft:custom":{"minecraft:interact_with_furnace":57,"minecraft:mob_kills":19,"minecraft:interact_with_crafting_table":31,"minecraft:play_one_minute":68079,"minecraft:leave_game":1,"minecraft:time_since_death":68079,"minecraft:time_since_rest":57444,"minecraft:sprint_one_cm":92835,"minecraft:damage_taken":418,"minecraft:walk_one_cm":212907,"minecraft:drop":4,"minecraft:damage_dealt":2371,"minecraft:swim_one_cm":1941,"minecraft:fly_one_cm":20979,"minecraft:open_chest":31,"minecraft:crouch_one_cm":36176,"minecraft:sneak_time":10178,"minecraft:walk_under_water_one_cm":9922,"minecraft:jump":775,"minecraft:walk_on_water_one_cm":10210,"minecraft:fall_one_cm":8136}},"DataVersion":2586}