{"stats":{"minecraft:broken":{"minecraft:stone_pickaxe":2,"minecraft:iron_pickaxe":1},"minecraft:dropped":{"minecraft:feather":2,"minecraft:wooden_sword":1},"minecraft:killed":{"minecraft:sheep":1,"minecraft:chicken":3},"minecraft:picked_up":{"minecraft:crafting_table":2,"minecraft:feather":5,"minecraft:chicken":3,"minecraft:andesite":42,"minecraft:oak_log":29,"minecraft:dirt":12,"minecraft:lapis_lazuli":12,"minecraft:bone":2,"minecraft:iron_ore":63,"minecraft:torch":9,"minecraft:diorite":16,"minecraft:redstone":24,"minecraft:arrow":1,"minecraft:diamond":1,"minecraft:granite":33,"minecraft:black_wool":1,"minecraft:mutton":1,"minecraft:coal":159,"minecraft:cobblestone":372},"minecraft:used":{"minecraft:cooked_mutton":1,"minecraft:stone_pickaxe":294,"minecraft:wooden_pickaxe":18,"minecraft:chest":2,"minecraft:shield":4,"minecraft:iron_sword":6,"minecraft:cooked_chicken":2,"minecraft:torch":42,"minecraft:crafting_table":4,"minecraft:wooden_axe":29,"minecraft:black_wool":1,"minecraft:iron_pickaxe":398,"minecraft:cobblestone":219,"minecraft:furnace":2},"minecraft:mined":{"minecraft:diamond_ore":1,"minecraft:crafting_table":2,"minecraft:torch":5,"minecraft:granite":33,"minecraft:grass_block":3,"minecraft:cobblestone":7,"minecraft:lapis_ore":2,"minecraft:diorite":17,"minecraft:wall_torch":2,"minecraft:redstone_ore":5,"minecraft:iron_ore":64,"minecraft:andesite":42,"minecraft:coal_ore":159,"minecraft:oak_log":30,"minecraft:dirt":12,"minecraft:stone":369,"minecraft:oak_leaves":5},"minecraft:crafted":{"minecraft:wooden_sword":1,"minecraft:oak_planks":116,"minecraft:crafting_table":2,"minecraft:wooden_pickaxe":1,"minecraft:iron_helmet":1,"minecraft:cooked_chicken":3,"minecraft:iron_sword":1,"minecraft:furnace":2,"minecraft:bucket":1,"minecraft:cooked_mutton":1,"minecraft:iron_boots":1,"minecraft:iron_chestplate":1,"minecraft:shield":1,"minecraft:stick":60,"minecraft:iron_ingot":63,"minecraft:iron_pickaxe":4,"minecraft:stone_pickaxe":3,"minecraft:wooden_axe":1,"minecraft:chest":2,"minecraft:iron_leggings":1,"minecraft:torch":128},"minecraft:custom":{"minecraft:interact_with_furnace":30,"minecraft:mob_kills":5,"minecraft:interact_with_crafting_table":25,"minecraft:play_one_minute":42680,"minecraft:time_since_death":42680,"minecraft:time_since_rest":32045,"minecraft:sprint_one_cm":40139,"minecraft:damage_taken":203,"minecraft:walk_one_cm":117663,"minecraft:drop":3,"minecraft:damage_dealt":259,"minecraft:swim_one_cm":351,"minecraft:fly_one_cm":10878,"minecraft:open_chest":16,"minecraft:crouch_one_cm":24256,"minecraft:sneak_time":7333,"minecraft:walk_under_water_one_cm":4417,"minecraft:jump":447,"minecraft:walk_on_water_one_cm":3052,"minecraft:fall_one_cm":3971}},"DataVersion":2586}