{"stats":{"minecraft:broken":{"minecraft:stone_pickaxe":2,"minecraft:iron_pickaxe":2},"minecraft:dropped":{"minecraft:feather":2,"minecraft:wooden_sword":1},"minecraft:killed":{"minecraft:spider":2,"minecraft:sheep":4,"minecraft:skeleton":3,"minecraft:zombie":5,"minecraft:chicken":4},"minecraft:picked_up":{"minecraft:crafting_table":2,"minecraft:feather":7,"minecraft:chicken":4,"minecraft:andesite":42,"minecraft:oak_log":29,"minecraft:string":1,"minecraft:dirt":12,"minecraft:lapis_lazuli":35,"minecraft:bone":4,"minecraft:iron_ore":137,"minecraft:torch":19,"minecraft:diorite":16,"minecraft:gold_ore":29,"minecraft:redstone":24,"minecraft:arrow":5,"minecraft:rotten_flesh":5,"minecraft:diamond":1,"minecraft:granite":36,"minecraft:black_wool":2,"minecraft:mutton":4,"minecraft:coal":214,"minecraft:white_wool":3,"minecraft:cobblestone":451},"minecraft:used":{"minecraft:cooked_mutton":3,"minecraft:water_bucket":28,"minecraft:stone_pickaxe":294,"minecraft:wooden_pickaxe":18,"minecraft:chest":2,"minecraft:shield":9,"minecraft:iron_sword":51,"minecraft:rotten_flesh":5,"minecraft:cooked_chicken":3,"minecraft:torch":76,"minecraft:crafting_table":4,"minecraft:white_bed":1,"minecraft:granite":3,"minecraft:wooden_axe":29,"minecraft:black_wool":2,"minecraft:lava_bucket":1,"minecraft:iron_pickaxe":645,"minecraft:cobblestone":286,"minecraft:furnace":4,"minecraft:bucket":30},"minecraft:mined":{"minecraft:diamond_ore":1,"minecraft:crafting_table":2,"minecraft:torch":6,"minecraft:granite":36,"minecraft:grass_block":3,"minecraft:cobblestone":10,"minecraft:lapis_ore":6,"minecraft:diorite":17,"minecraft:wall_torch":8,"minecraft:redstone_ore":5,"minecraft:iron_ore":138,"minecraft:andesite":42,"minecraft:black_wool":1,"minecraft:coal_ore":214,"minecraft:oak_log":30,"minecraft:dirt":12,"minecraft:stone":447,"minecraft:gold_ore":29,"minecraft:oak_leaves":7},"minecraft:crafted":{"minecraft:wooden_sword":1,"minecraft:oak_planks":116,"minecraft:crafting_table":2,"minecraft:wooden_pickaxe":1,"minecraft:iron_helmet":1,"minecraft:cooked_chicken":4,"minecraft:iron_sword":1,"minecraft:furnace":4,"minecraft:bucket":1,"minecraft:cooked_mutton":4,"minecraft:iron_boots":1,"minecraft:iron_chestplate":1,"minecraft:shield":1,"minecraft:stick":60,"minecraft:iron_ingot":113,"minecraft:iron_pickaxe":4,"minecraft:stone_pickaxe":3,"minecraft:wooden_axe":1,"minecraft:chest":2,"minecraft:gold_ingot":24,"minecraft:iron_leggings":1,"minecraft:white_bed":1,"minecraft:torch":128},"minecraft:custom":{"minecraft:interact_with_furnace":53,"minecraft:mob_kills":19,"minecraft:interact_with_crafting_table":30,"minecraft:play_one_minute":65042,"minecraft:leave_game":1,"minecraft:time_since_death":65042,"minecraft:time_since_rest":54407,"minecraft:sprint_one_cm":92813,"minecraft:damage_taken":418,"minecraft:walk_one_cm":205290,"minecraft:drop":3,"minecraft:damage_dealt":2371,"minecraft:swim_one_cm":1941,"minecraft:fly_one_cm":20979,"minecraft:open_chest":26,"minecraft:crouch_one_cm":34989,"minecraft:sneak_time":9893,"minecraft:walk_under_water_one_cm":9922,"minecraft:jump":760,"minecraft:walk_on_water_one_cm":10210,"minecraft:fall_one_cm":8136}},"DataVersion":2586}