{"stats":{"minecraft:killed_by":{"minecraft:creeper":1,"minecraft:zombie":2},"minecraft:broken":{"minecraft:stone_pickaxe":2,"minecraft:shield":1,"minecraft:iron_boots":1,"minecraft:iron_pickaxe":7},"minecraft:dropped":{"minecraft:gravel":16,"minecraft:player_head":2,"minecraft:rotten_flesh":1,"minecraft:feather":2,"minecraft:iron_helmet":2,"minecraft:cobblestone":297,"minecraft:granite":34,"minecraft:flint":1,"minecraft:diorite":55,"minecraft:iron_chestplate":3,"minecraft:andesite":33,"minecraft:iron_leggings":3,"minecraft:wooden_sword":1,"minecraft:arrow":1,"minecraft:stone_pickaxe":2,"minecraft:redstone":41,"minecraft:bone":5},"minecraft:killed":{"minecraft:spider":2,"minecraft:bat":1,"minecraft:sheep":4,"minecraft:skeleton":8,"minecraft:zombie":13,"minecraft:chicken":4},"minecraft:picked_up":{"minecraft:iron_chestplate":4,"minecraft:crafting_table":3,"minecraft:feather":10,"minecraft:cooked_beef":10,"minecraft:chicken":4,"minecraft:water_bucket":2,"minecraft:andesite":126,"minecraft:wooden_pickaxe":1,"minecraft:flint":3,"minecraft:oak_log":29,"minecraft:yellow_bed":1,"minecraft:shield":2,"minecraft:lapis_lazuli":35,"minecraft:dirt":34,"minecraft:string":2,"minecraft:iron_leggings":4,"minecraft:cooked_mutton":2,"minecraft:bone":13,"minecraft:iron_ingot":44,"minecraft:stone_pickaxe":2,"minecraft:cooked_chicken":2,"minecraft:iron_ore":364,"minecraft:written_book":3,"minecraft:player_head":3,"minecraft:iron_pickaxe":2,"minecraft:chest":2,"minecraft:iron_sword":2,"minecraft:iron_boots":2,"minecraft:furnace":4,"minecraft:stick":8,"minecraft:torch":145,"iceandfire:silver_ore":1,"minecraft:gravel":45,"minecraft:diorite":166,"minecraft:white_bed":1,"minecraft:redstone":105,"minecraft:gold_ore":33,"minecraft:arrow":15,"minecraft:rotten_flesh":10,"minecraft:diamond":9,"minecraft:iron_helmet":3,"minecraft:granite":190,"minecraft:emerald":1,"minecraft:black_wool":2,"minecraft:mutton":4,"minecraft:coal":329,"minecraft:white_wool":3,"minecraft:cobblestone":2074},"minecraft:used":{"minecraft:cooked_mutton":4,"minecraft:water_bucket":43,"minecraft:diorite":3,"minecraft:stone_pickaxe":309,"minecraft:wooden_pickaxe":18,"minecraft:chest":7,"minecraft:shield":24,"minecraft:iron_sword":123,"minecraft:cooked_chicken":3,"minecraft:rotten_flesh":5,"minecraft:torch":158,"minecraft:crafting_table":6,"minecraft:white_bed":2,"minecraft:granite":3,"minecraft:wooden_axe":31,"minecraft:diamond_pickaxe":283,"minecraft:black_wool":2,"minecraft:lava_bucket":2,"minecraft:iron_pickaxe":1758,"minecraft:cobblestone":446,"minecraft:written_book":1,"minecraft:furnace":12,"minecraft:bucket":46,"minecraft:andesite":5,"minecraft:yellow_bed":1,"minecraft:cooked_beef":8},"minecraft:crafted":{"minecraft:wooden_sword":1,"minecraft:oak_planks":116,"minecraft:diamond_sword":1,"minecraft:crafting_table":3,"minecraft:cooked_chicken":4,"minecraft:iron_helmet":2,"minecraft:wooden_pickaxe":1,"minecraft:iron_sword":1,"minecraft:furnace":8,"minecraft:bucket":1,"minecraft:cooked_mutton":4,"minecraft:iron_chestplate":2,"minecraft:iron_boots":2,"minecraft:diamond_pickaxe":1,"minecraft:shield":1,"minecraft:stick":84,"minecraft:iron_ingot":268,"minecraft:iron_pickaxe":7,"minecraft:stone_pickaxe":3,"minecraft:wooden_axe":1,"minecraft:chest":5,"minecraft:iron_leggings":2,"minecraft:gold_ingot":31,"minecraft:white_bed":1,"minecraft:torch":128},"minecraft:mined":{"minecraft:diamond_ore":9,"minecraft:white_bed":1,"minecraft:glass_pane":1,"iceandfire:silver_ore":1,"minecraft:crafting_table":3,"minecraft:torch":7,"minecraft:granite":118,"minecraft:emerald_ore":1,"minecraft:grass_block":3,"minecraft:chest":2,"minecraft:cobblestone":37,"minecraft:lapis_ore":6,"minecraft:diorite":110,"minecraft:wall_torch":16,"minecraft:redstone_ore":12,"minecraft:furnace":4,"iceandfire:copper_ore":1,"minecraft:iron_ore":290,"minecraft:andesite":105,"minecraft:yellow_bed":1,"minecraft:smooth_stone_slab":2,"minecraft:grass":4,"minecraft:black_wool":1,"minecraft:coal_ore":238,"minecraft:oak_log":30,"minecraft:gravel":9,"minecraft:dirt":22,"minecraft:stone":1365,"minecraft:gold_ore":31,"minecraft:player_head":1,"minecraft:oak_leaves":7},"minecraft:custom":{"minecraft:interact_with_furnace":98,"minecraft:mob_kills":30,"minecraft:interact_with_crafting_table":48,"minecraft:play_one_minute":163992,"minecraft:leave_game":3,"minecraft:time_since_death":79125,"minecraft:sleep_in_bed":4,"minecraft:time_since_rest":17770,"minecraft:sprint_one_cm":304175,"minecraft:damage_taken":1898,"minecraft:walk_one_cm":448446,"minecraft:drop":48,"minecraft:damage_dealt":6198,"minecraft:talked_to_villager":1,"minecraft:swim_one_cm":5432,"minecraft:fly_one_cm":88713,"minecraft:open_chest":88,"minecraft:crouch_one_cm":82242,"minecraft:deaths":3,"minecraft:sneak_time":23663,"minecraft:walk_under_water_one_cm":13725,"minecraft:jump":1855,"minecraft:walk_on_water_one_cm":24298,"minecraft:fall_one_cm":19115}},"DataVersion":2586}