{"stats":{"minecraft:killed_by":{"minecraft:creeper":1,"minecraft:zombie":2},"minecraft:broken":{"minecraft:stone_pickaxe":2,"minecraft:shield":1,"minecraft:iron_boots":1,"minecraft:iron_pickaxe":3},"minecraft:dropped":{"minecraft:feather":2,"minecraft:cobblestone":1,"minecraft:iron_chestplate":1,"minecraft:iron_leggings":1,"minecraft:wooden_sword":1,"minecraft:redstone":24},"minecraft:killed":{"minecraft:spider":2,"minecraft:bat":1,"minecraft:sheep":4,"minecraft:skeleton":7,"minecraft:zombie":7,"minecraft:chicken":4},"minecraft:used":{"minecraft:cooked_mutton":4,"minecraft:water_bucket":28,"minecraft:diorite":3,"minecraft:stone_pickaxe":309,"minecraft:wooden_pickaxe":18,"minecraft:chest":4,"minecraft:shield":22,"minecraft:iron_sword":84,"minecraft:cooked_chicken":3,"minecraft:rotten_flesh":5,"minecraft:torch":111,"minecraft:crafting_table":5,"minecraft:white_bed":2,"minecraft:granite":3,"minecraft:wooden_axe":31,"minecraft:black_wool":2,"minecraft:lava_bucket":1,"minecraft:iron_pickaxe":932,"minecraft:cobblestone":342,"minecraft:written_book":1,"minecraft:furnace":8,"minecraft:bucket":30},"minecraft:picked_up":{"minecraft:iron_chestplate":3,"minecraft:crafting_table":3,"minecraft:feather":10,"minecraft:chicken":4,"minecraft:water_bucket":2,"minecraft:andesite":59,"minecraft:wooden_pickaxe":1,"minecraft:flint":3,"minecraft:oak_log":29,"minecraft:shield":2,"minecraft:dirt":24,"minecraft:lapis_lazuli":35,"minecraft:string":2,"minecraft:iron_leggings":3,"minecraft:cooked_mutton":2,"minecraft:bone":10,"minecraft:iron_ingot":1,"minecraft:stone_pickaxe":1,"minecraft:cooked_chicken":2,"minecraft:iron_ore":286,"minecraft:written_book":3,"minecraft:player_head":1,"minecraft:iron_pickaxe":2,"minecraft:chest":2,"minecraft:iron_sword":2,"minecraft:iron_boots":2,"minecraft:furnace":4,"minecraft:stick":8,"minecraft:torch":138,"minecraft:gravel":24,"minecraft:diorite":62,"minecraft:white_bed":1,"minecraft:gold_ore":29,"minecraft:redstone":87,"minecraft:arrow":14,"minecraft:rotten_flesh":5,"minecraft:diamond":6,"minecraft:iron_helmet":2,"minecraft:granite":126,"minecraft:black_wool":2,"minecraft:mutton":4,"minecraft:coal":323,"minecraft:white_wool":3,"minecraft:cobblestone":1216},"minecraft:mined":{"minecraft:diamond_ore":6,"minecraft:white_bed":1,"minecraft:crafting_table":3,"minecraft:torch":7,"minecraft:granite":55,"minecraft:grass_block":3,"minecraft:chest":2,"minecraft:cobblestone":20,"minecraft:lapis_ore":6,"minecraft:diorite":26,"minecraft:wall_torch":12,"minecraft:redstone_ore":8,"minecraft:furnace":4,"iceandfire:copper_ore":1,"minecraft:iron_ore":212,"minecraft:andesite":46,"minecraft:black_wool":1,"minecraft:oak_log":30,"minecraft:coal_ore":232,"minecraft:gravel":9,"minecraft:dirt":12,"minecraft:stone":589,"minecraft:player_head":1,"minecraft:gold_ore":29,"minecraft:oak_leaves":7},"minecraft:crafted":{"minecraft:wooden_sword":1,"minecraft:oak_planks":116,"minecraft:crafting_table":2,"minecraft:wooden_pickaxe":1,"minecraft:iron_helmet":1,"minecraft:cooked_chicken":4,"minecraft:iron_sword":1,"minecraft:furnace":4,"minecraft:bucket":1,"minecraft:cooked_mutton":4,"minecraft:iron_boots":1,"minecraft:iron_chestplate":1,"minecraft:shield":1,"minecraft:stick":60,"minecraft:iron_ingot":137,"minecraft:iron_pickaxe":4,"minecraft:stone_pickaxe":3,"minecraft:wooden_axe":1,"minecraft:chest":2,"minecraft:iron_leggings":1,"minecraft:gold_ingot":29,"minecraft:white_bed":1,"minecraft:torch":128},"minecraft:custom":{"minecraft:interact_with_furnace":58,"minecraft:mob_kills":24,"minecraft:interact_with_crafting_table":32,"minecraft:play_one_minute":92079,"minecraft:leave_game":1,"minecraft:time_since_death":7212,"minecraft:sleep_in_bed":1,"minecraft:time_since_rest":7245,"minecraft:sprint_one_cm":187467,"minecraft:damage_taken":1342,"minecraft:walk_one_cm":292000,"minecraft:drop":7,"minecraft:damage_dealt":4359,"minecraft:swim_one_cm":2774,"minecraft:fly_one_cm":46365,"minecraft:open_chest":38,"minecraft:crouch_one_cm":45568,"minecraft:deaths":3,"minecraft:sneak_time":12582,"minecraft:walk_under_water_one_cm":10903,"minecraft:jump":1173,"minecraft:walk_on_water_one_cm":13963,"minecraft:fall_one_cm":10739}},"DataVersion":2586}