{"stats":{"minecraft:broken":{"minecraft:stone_pickaxe":2,"minecraft:iron_pickaxe":2},"minecraft:dropped":{"minecraft:feather":2,"minecraft:wooden_sword":1},"minecraft:killed":{"minecraft:spider":2,"minecraft:sheep":1,"minecraft:skeleton":1,"minecraft:zombie":3,"minecraft:chicken":3},"minecraft:picked_up":{"minecraft:crafting_table":2,"minecraft:feather":5,"minecraft:chicken":3,"minecraft:andesite":42,"minecraft:oak_log":29,"minecraft:string":1,"minecraft:dirt":12,"minecraft:lapis_lazuli":35,"minecraft:bone":2,"minecraft:iron_ore":119,"minecraft:torch":16,"minecraft:diorite":16,"minecraft:gold_ore":26,"minecraft:redstone":24,"minecraft:arrow":1,"minecraft:rotten_flesh":3,"minecraft:diamond":1,"minecraft:granite":36,"minecraft:black_wool":1,"minecraft:mutton":1,"minecraft:coal":192,"minecraft:cobblestone":446},"minecraft:used":{"minecraft:cooked_mutton":1,"minecraft:water_bucket":27,"minecraft:stone_pickaxe":294,"minecraft:wooden_pickaxe":18,"minecraft:chest":2,"minecraft:shield":7,"minecraft:iron_sword":27,"minecraft:cooked_chicken":3,"minecraft:torch":69,"minecraft:crafting_table":4,"minecraft:granite":3,"minecraft:wooden_axe":29,"minecraft:black_wool":1,"minecraft:lava_bucket":1,"minecraft:iron_pickaxe":598,"minecraft:cobblestone":276,"minecraft:furnace":2,"minecraft:bucket":29},"minecraft:mined":{"minecraft:diamond_ore":1,"minecraft:crafting_table":2,"minecraft:torch":5,"minecraft:granite":36,"minecraft:grass_block":3,"minecraft:cobblestone":10,"minecraft:lapis_ore":6,"minecraft:diorite":17,"minecraft:wall_torch":6,"minecraft:redstone_ore":5,"minecraft:iron_ore":121,"minecraft:andesite":42,"minecraft:coal_ore":192,"minecraft:oak_log":30,"minecraft:dirt":12,"minecraft:stone":442,"minecraft:gold_ore":26,"minecraft:oak_leaves":5},"minecraft:crafted":{"minecraft:wooden_sword":1,"minecraft:oak_planks":116,"minecraft:crafting_table":2,"minecraft:wooden_pickaxe":1,"minecraft:iron_helmet":1,"minecraft:cooked_chicken":3,"minecraft:iron_sword":1,"minecraft:furnace":2,"minecraft:bucket":1,"minecraft:cooked_mutton":1,"minecraft:iron_boots":1,"minecraft:iron_chestplate":1,"minecraft:shield":1,"minecraft:stick":60,"minecraft:iron_ingot":63,"minecraft:iron_pickaxe":4,"minecraft:stone_pickaxe":3,"minecraft:wooden_axe":1,"minecraft:chest":2,"minecraft:iron_leggings":1,"minecraft:torch":128},"minecraft:custom":{"minecraft:interact_with_furnace":30,"minecraft:mob_kills":11,"minecraft:interact_with_crafting_table":25,"minecraft:play_one_minute":54680,"minecraft:time_since_death":54680,"minecraft:time_since_rest":44045,"minecraft:sprint_one_cm":53150,"minecraft:damage_taken":269,"minecraft:walk_one_cm":167675,"minecraft:drop":3,"minecraft:damage_dealt":1331,"minecraft:swim_one_cm":1941,"minecraft:fly_one_cm":13638,"minecraft:open_chest":16,"minecraft:crouch_one_cm":34611,"minecraft:sneak_time":9738,"minecraft:walk_under_water_one_cm":9922,"minecraft:jump":571,"minecraft:walk_on_water_one_cm":10168,"minecraft:fall_one_cm":5889}},"DataVersion":2586}