{
  "iceandfire:iceandfire/root": {
    "criteria": {
      "tick": "2024-08-17 21:28:27 +0000"
    },
    "done": true
  },
  "minecraft:adventure/adventuring_time": {
    "criteria": {
      "minecraft:cold_ocean": "2024-08-17 21:30:32 +0000",
      "minecraft:forest": "2024-08-17 21:28:27 +0000",
      "minecraft:mountains": "2024-08-17 21:29:13 +0000",
      "minecraft:taiga": "2024-08-17 21:30:19 +0000",
      "minecraft:deep_cold_ocean": "2024-08-17 21:30:43 +0000",
      "minecraft:beach": "2024-08-17 21:30:34 +0000",
      "minecraft:river": "2024-08-17 21:29:28 +0000",
      "minecraft:birch_forest_hills": "2024-08-17 21:29:46 +0000",
      "minecraft:swamp": "2024-08-17 21:29:31 +0000"
    },
    "done": false
  },
  "DataVersion": 2586
}