{
  "minecraft:recipes/redstone/birch_door": {
    "criteria": {
      "has_planks": "2024-08-17 22:09:43 +0000"
    },
    "done": true
  },
  "minecraft:recipes/decorations/crafting_table": {
    "criteria": {
      "has_planks": "2024-08-17 22:09:43 +0000"
    },
    "done": true
  },
  "minecraft:recipes/building_blocks/birch_stairs": {
    "criteria": {
      "has_planks": "2024-08-17 22:09:43 +0000"
    },
    "done": true
  },
  "minecraft:recipes/building_blocks/birch_slab": {
    "criteria": {
      "has_planks": "2024-08-17 22:09:43 +0000"
    },
    "done": true
  },
  "iceandfire:iceandfire/root": {
    "criteria": {
      "tick": "2024-08-17 21:28:27 +0000"
    },
    "done": true
  },
  "minecraft:recipes/redstone/birch_button": {
    "criteria": {
      "has_planks": "2024-08-17 22:09:43 +0000"
    },
    "done": true
  },
  "minecraft:recipes/decorations/barrel": {
    "criteria": {
      "has_planks": "2024-08-17 22:09:43 +0000"
    },
    "done": true
  },
  "minecraft:recipes/redstone/birch_fence_gate": {
    "criteria": {
      "has_planks": "2024-08-17 22:09:43 +0000"
    },
    "done": true
  },
  "minecraft:recipes/redstone/birch_trapdoor": {
    "criteria": {
      "has_planks": "2024-08-17 22:09:43 +0000"
    },
    "done": true
  },
  "minecraft:recipes/decorations/birch_sign": {
    "criteria": {
      "has_birch_planks": "2024-08-17 22:09:43 +0000"
    },
    "done": true
  },
  "minecraft:recipes/decorations/birch_fence": {
    "criteria": {
      "has_planks": "2024-08-17 22:09:43 +0000"
    },
    "done": true
  },
  "minecraft:recipes/misc/stick": {
    "criteria": {
      "has_planks": "2024-08-17 22:09:43 +0000"
    },
    "done": true
  },
  "minecraft:adventure/root": {
    "criteria": {
      "killed_by_something": "2024-08-17 22:12:16 +0000"
    },
    "done": true
  },
  "minecraft:adventure/adventuring_time": {
    "criteria": {
      "minecraft:cold_ocean": "2024-08-17 21:30:32 +0000",
      "minecraft:forest": "2024-08-17 21:28:27 +0000",
      "minecraft:mountains": "2024-08-17 21:29:13 +0000",
      "minecraft:taiga": "2024-08-17 21:30:19 +0000",
      "minecraft:deep_cold_ocean": "2024-08-17 21:30:43 +0000",
      "minecraft:beach": "2024-08-17 21:30:34 +0000",
      "minecraft:river": "2024-08-17 21:29:28 +0000",
      "minecraft:birch_forest_hills": "2024-08-17 21:29:46 +0000",
      "minecraft:wooded_mountains": "2024-08-17 21:50:34 +0000",
      "minecraft:swamp": "2024-08-17 21:29:31 +0000"
    },
    "done": false
  },
  "minecraft:recipes/redstone/birch_pressure_plate": {
    "criteria": {
      "has_planks": "2024-08-17 22:09:43 +0000"
    },
    "done": true
  },
  "DataVersion": 2586
}